x,y,z,pen,layer
1.12158,0.13514,0,0,0
1.00869,0.14216,0,1,0
0.89997,0.16265,0,1,0
0.79626,0.19577,0,1,0
0.69842,0.24066,0,1,0
0.60729,0.29650,0,1,0
0.52371,0.36242,0,1,0
0.44853,0.43758,0,1,0
0.38260,0.52114,0,1,0
0.32675,0.61226,0,1,0
0.28185,0.71008,0,1,0
0.24872,0.81376,0,1,0
0.22823,0.92245,0,1,0
0.22121,1.03532,0,1,0
0.22823,1.14819,0,1,0
0.24872,1.25688,0,1,0
0.28185,1.36056,0,1,0
0.32675,1.45838,0,1,0
0.38260,1.54950,0,1,0
0.44853,1.63306,0,1,0
0.52371,1.70822,0,1,0
0.60729,1.77414,0,1,0
0.69842,1.82998,0,1,0
0.79626,1.87487,0,1,0
0.89997,1.90799,0,1,0
1.00869,1.92848,0,1,0
1.12158,1.93550,0,1,0
1.23447,1.92848,0,1,0
1.34318,1.90799,0,1,0
1.44689,1.87487,0,1,0
1.54473,1.82998,0,1,0
1.63586,1.77414,0,1,0
1.71944,1.70822,0,1,0
1.79462,1.63306,0,1,0
1.86056,1.54950,0,1,0
1.91640,1.45838,0,1,0
1.96130,1.36056,0,1,0
1.99443,1.25688,0,1,0
2.01492,1.14819,0,1,0
2.02194,1.03532,0,1,0
2.01492,0.92245,0,1,0
1.99443,0.81376,0,1,0
1.96131,0.71008,0,1,0
1.91640,0.61226,0,1,0
1.86056,0.52114,0,1,0
1.79462,0.43758,0,1,0
1.71944,0.36242,0,1,0
1.63586,0.29650,0,1,0
1.54473,0.24066,0,1,0
1.44689,0.19577,0,1,0
1.34318,0.16265,0,1,0
1.23447,0.14216,0,1,0
1.12158,0.13514,0,1,0
1.05938,1.78129,0,0,0
1.05946,1.78255,0,1,0
1.05968,1.78377,0,1,0
1.06006,1.78494,0,1,0
1.06056,1.78603,0,1,0
1.06119,1.78705,0,1,0
1.06192,1.78799,0,1,0
1.06277,1.78883,0,1,0
1.06370,1.78957,0,1,0
1.06473,1.79020,0,1,0
1.06582,1.79070,0,1,0
1.06699,1.79107,0,1,0
1.06820,1.79130,0,1,0
1.06947,1.79138,0,1,0
1.07074,1.79130,0,1,0
1.07195,1.79107,0,1,0
1.07312,1.79070,0,1,0
1.07421,1.79020,0,1,0
1.07524,1.78957,0,1,0
1.07617,1.78883,0,1,0
1.07702,1.78799,0,1,0
1.07775,1.78705,0,1,0
1.07838,1.78603,0,1,0
1.07888,1.78494,0,1,0
1.07926,1.78377,0,1,0
1.07949,1.78255,0,1,0
1.07956,1.78129,0,1,0
1.07949,1.78002,0,1,0
1.07926,1.77881,0,1,0
1.07888,1.77764,0,1,0
1.07838,1.77655,0,1,0
1.07775,1.77552,0,1,0
1.07702,1.77459,0,1,0
1.07617,1.77375,0,1,0
1.07524,1.77301,0,1,0
1.07421,1.77238,0,1,0
1.07312,1.77188,0,1,0
1.07195,1.77151,0,1,0
1.07074,1.77128,0,1,0
1.06947,1.77120,0,1,0
1.06820,1.77128,0,1,0
1.06699,1.77151,0,1,0
1.06582,1.77188,0,1,0
1.06473,1.77238,0,1,0
1.06370,1.77301,0,1,0
1.06277,1.77375,0,1,0
1.06192,1.77459,0,1,0
1.06119,1.77552,0,1,0
1.06056,1.77655,0,1,0
1.06006,1.77764,0,1,0
1.05968,1.77881,0,1,0
1.05946,1.78002,0,1,0
1.05938,1.78129,0,1,0
1.16301,1.76783,0,0,0
1.16308,1.76910,0,1,0
1.16331,1.77032,0,1,0
1.16369,1.77148,0,1,0
1.16419,1.77258,0,1,0
1.16482,1.77360,0,1,0
1.16555,1.77453,0,1,0
1.16640,1.77538,0,1,0
1.16733,1.77612,0,1,0
1.16836,1.77674,0,1,0
1.16945,1.77725,0,1,0
1.17062,1.77762,0,1,0
1.17183,1.77785,0,1,0
1.17310,1.77793,0,1,0
1.17437,1.77785,0,1,0
1.17558,1.77762,0,1,0
1.17675,1.77725,0,1,0
1.17784,1.77674,0,1,0
1.17887,1.77612,0,1,0
1.17980,1.77538,0,1,0
1.18065,1.77453,0,1,0
1.18138,1.77360,0,1,0
1.18201,1.77258,0,1,0
1.18251,1.77148,0,1,0
1.18289,1.77032,0,1,0
1.18311,1.76910,0,1,0
1.18319,1.76783,0,1,0
1.18311,1.76657,0,1,0
1.18289,1.76535,0,1,0
1.18251,1.76419,0,1,0
1.18201,1.76309,0,1,0
1.18138,1.76207,0,1,0
1.18065,1.76113,0,1,0
1.17980,1.76029,0,1,0
1.17887,1.75955,0,1,0
1.17784,1.75893,0,1,0
1.17675,1.75842,0,1,0
1.17558,1.75805,0,1,0
1.17437,1.75782,0,1,0
1.17310,1.75774,0,1,0
1.17183,1.75782,0,1,0
1.17062,1.75805,0,1,0
1.16945,1.75842,0,1,0
1.16836,1.75892,0,1,0
1.16733,1.75955,0,1,0
1.16640,1.76029,0,1,0
1.16555,1.76113,0,1,0
1.16482,1.76207,0,1,0
1.16419,1.76309,0,1,0
1.16369,1.76419,0,1,0
1.16331,1.76535,0,1,0
1.16308,1.76657,0,1,0
1.16301,1.76783,0,1,0
1.29894,1.58484,0,0,0
1.29901,1.58610,0,1,0
1.29924,1.58732,0,1,0
1.29962,1.58848,0,1,0
1.30012,1.58958,0,1,0
1.30075,1.59060,0,1,0
1.30148,1.59154,0,1,0
1.30233,1.59238,0,1,0
1.30326,1.59312,0,1,0
1.30429,1.59375,0,1,0
1.30538,1.59425,0,1,0
1.30655,1.59462,0,1,0
1.30776,1.59485,0,1,0
1.30903,1.59493,0,1,0
1.31029,1.59485,0,1,0
1.31151,1.59462,0,1,0
1.31268,1.59425,0,1,0
1.31377,1.59375,0,1,0
1.31479,1.59312,0,1,0
1.31573,1.59238,0,1,0
1.31657,1.59154,0,1,0
1.31731,1.59060,0,1,0
1.31794,1.58958,0,1,0
1.31844,1.58848,0,1,0
1.31881,1.58732,0,1,0
1.31904,1.58610,0,1,0
1.31912,1.58484,0,1,0
1.31904,1.58357,0,1,0
1.31881,1.58235,0,1,0
1.31844,1.58119,0,1,0
1.31794,1.58010,0,1,0
1.31731,1.57907,0,1,0
1.31657,1.57814,0,1,0
1.31573,1.57729,0,1,0
1.31479,1.57656,0,1,0
1.31377,1.57593,0,1,0
1.31268,1.57543,0,1,0
1.31151,1.57505,0,1,0
1.31030,1.57483,0,1,0
1.30903,1.57475,0,1,0
1.30776,1.57483,0,1,0
1.30655,1.57505,0,1,0
1.30538,1.57543,0,1,0
1.30429,1.57593,0,1,0
1.30326,1.57656,0,1,0
1.30233,1.57729,0,1,0
1.30148,1.57814,0,1,0
1.30074,1.57907,0,1,0
1.30012,1.58010,0,1,0
1.29962,1.58119,0,1,0
1.29924,1.58235,0,1,0
1.29901,1.58357,0,1,0
1.29894,1.58484,0,1,0
0.55334,0.64295,0,0,0
0.55342,0.64422,0,1,0
0.55365,0.64543,0,1,0
0.55402,0.64660,0,1,0
0.55452,0.64769,0,1,0
0.55515,0.64871,0,1,0
0.55589,0.64965,0,1,0
0.55673,0.65049,0,1,0
0.55767,0.65123,0,1,0
0.55869,0.65186,0,1,0
0.55979,0.65236,0,1,0
0.56095,0.65273,0,1,0
0.56217,0.65296,0,1,0
0.56344,0.65304,0,1,0
0.56470,0.65296,0,1,0
0.56592,0.65273,0,1,0
0.56708,0.65236,0,1,0
0.56818,0.65186,0,1,0
0.56920,0.65123,0,1,0
0.57014,0.65049,0,1,0
0.57098,0.64965,0,1,0
0.57172,0.64871,0,1,0
0.57235,0.64769,0,1,0
0.57285,0.64660,0,1,0
0.57322,0.64543,0,1,0
0.57345,0.64422,0,1,0
0.57353,0.64295,0,1,0
0.57345,0.64169,0,1,0
0.57322,0.64047,0,1,0
0.57285,0.63930,0,1,0
0.57235,0.63821,0,1,0
0.57172,0.63719,0,1,0
0.57098,0.63625,0,1,0
0.57014,0.63541,0,1,0
0.56920,0.63467,0,1,0
0.56818,0.63404,0,1,0
0.56708,0.63354,0,1,0
0.56592,0.63317,0,1,0
0.56470,0.63294,0,1,0
0.56344,0.63286,0,1,0
0.56217,0.63294,0,1,0
0.56095,0.63317,0,1,0
0.55979,0.63354,0,1,0
0.55869,0.63404,0,1,0
0.55767,0.63467,0,1,0
0.55673,0.63541,0,1,0
0.55589,0.63625,0,1,0
0.55515,0.63719,0,1,0
0.55452,0.63821,0,1,0
0.55402,0.63930,0,1,0
0.55365,0.64047,0,1,0
0.55342,0.64169,0,1,0
0.55334,0.64295,0,1,0
0.57959,0.56222,0,0,0
0.57966,0.56348,0,1,0
0.57989,0.56470,0,1,0
0.58027,0.56586,0,1,0
0.58077,0.56696,0,1,0
0.58139,0.56798,0,1,0
0.58213,0.56892,0,1,0
0.58298,0.56976,0,1,0
0.58391,0.57050,0,1,0
0.58494,0.57113,0,1,0
0.58603,0.57163,0,1,0
0.58719,0.57200,0,1,0
0.58841,0.57223,0,1,0
0.58968,0.57231,0,1,0
0.59094,0.57223,0,1,0
0.59216,0.57200,0,1,0
0.59333,0.57163,0,1,0
0.59442,0.57113,0,1,0
0.59544,0.57050,0,1,0
0.59638,0.56976,0,1,0
0.59722,0.56892,0,1,0
0.59796,0.56798,0,1,0
0.59859,0.56696,0,1,0
0.59909,0.56586,0,1,0
0.59946,0.56470,0,1,0
0.59969,0.56348,0,1,0
0.59977,0.56222,0,1,0
0.59969,0.56095,0,1,0
0.59946,0.55973,0,1,0
0.59909,0.55857,0,1,0
0.59859,0.55747,0,1,0
0.59796,0.55645,0,1,0
0.59722,0.55552,0,1,0
0.59638,0.55467,0,1,0
0.59544,0.55393,0,1,0
0.59442,0.55331,0,1,0
0.59333,0.55281,0,1,0
0.59216,0.55243,0,1,0
0.59094,0.55220,0,1,0
0.58968,0.55213,0,1,0
0.58841,0.55220,0,1,0
0.58719,0.55243,0,1,0
0.58603,0.55281,0,1,0
0.58494,0.55331,0,1,0
0.58391,0.55393,0,1,0
0.58298,0.55467,0,1,0
0.58213,0.55552,0,1,0
0.58139,0.55645,0,1,0
0.58077,0.55747,0,1,0
0.58027,0.55857,0,1,0
0.57989,0.55973,0,1,0
0.57966,0.56095,0,1,0
0.57959,0.56222,0,1,0
0.45696,0.63084,0,0,0
0.45702,0.63179,0,1,0
0.45719,0.63270,0,1,0
0.45747,0.63357,0,1,0
0.45784,0.63439,0,1,0
0.45831,0.63516,0,1,0
0.45887,0.63586,0,1,0
0.45950,0.63649,0,1,0
0.46020,0.63704,0,1,0
0.46096,0.63751,0,1,0
0.46178,0.63789,0,1,0
0.46266,0.63817,0,1,0
0.46357,0.63834,0,1,0
0.46452,0.63840,0,1,0
0.46546,0.63834,0,1,0
0.46638,0.63817,0,1,0
0.46725,0.63789,0,1,0
0.46807,0.63751,0,1,0
0.46883,0.63704,0,1,0
0.46954,0.63649,0,1,0
0.47017,0.63586,0,1,0
0.47072,0.63516,0,1,0
0.47119,0.63439,0,1,0
0.47157,0.63357,0,1,0
0.47184,0.63270,0,1,0
0.47202,0.63179,0,1,0
0.47208,0.63084,0,1,0
0.47202,0.62989,0,1,0
0.47184,0.62898,0,1,0
0.47157,0.62811,0,1,0
0.47119,0.62729,0,1,0
0.47072,0.62652,0,1,0
0.47017,0.62582,0,1,0
0.46954,0.62519,0,1,0
0.46883,0.62464,0,1,0
0.46807,0.62417,0,1,0
0.46725,0.62379,0,1,0
0.46638,0.62351,0,1,0
0.46546,0.62334,0,1,0
0.46452,0.62328,0,1,0
0.46357,0.62334,0,1,0
0.46266,0.62351,0,1,0
0.46178,0.62379,0,1,0
0.46096,0.62417,0,1,0
0.46020,0.62464,0,1,0
0.45950,0.62519,0,1,0
0.45887,0.62582,0,1,0
0.45831,0.62652,0,1,0
0.45784,0.62729,0,1,0
0.45747,0.62811,0,1,0
0.45719,0.62898,0,1,0
0.45702,0.62989,0,1,0
0.45696,0.63084,0,1,0
0.86742,0.47224,0,0,0
0.86747,0.47319,0,1,0
0.86765,0.47411,0,1,0
0.86793,0.47498,0,1,0
0.86830,0.47581,0,1,0
0.86877,0.47657,0,1,0
0.86933,0.47728,0,1,0
0.86996,0.47791,0,1,0
0.87067,0.47847,0,1,0
0.87143,0.47894,0,1,0
0.87226,0.47931,0,1,0
0.87313,0.47959,0,1,0
0.87405,0.47977,0,1,0
0.87500,0.47982,0,1,0
0.87595,0.47977,0,1,0
0.87686,0.47959,0,1,0
0.87774,0.47931,0,1,0
0.87856,0.47894,0,1,0
0.87933,0.47847,0,1,0
0.88003,0.47791,0,1,0
0.88066,0.47728,0,1,0
0.88122,0.47657,0,1,0
0.88169,0.47581,0,1,0
0.88207,0.47498,0,1,0
0.88235,0.47411,0,1,0
0.88252,0.47319,0,1,0
0.88258,0.47224,0,1,0
0.88252,0.47129,0,1,0
0.88235,0.47038,0,1,0
0.88207,0.46951,0,1,0
0.88169,0.46868,0,1,0
0.88122,0.46791,0,1,0
0.88066,0.46721,0,1,0
0.88003,0.46658,0,1,0
0.87933,0.46602,0,1,0
0.87856,0.46555,0,1,0
0.87774,0.46518,0,1,0
0.87686,0.46490,0,1,0
0.87595,0.46472,0,1,0
0.87500,0.46466,0,1,0
0.87405,0.46472,0,1,0
0.87313,0.46490,0,1,0
0.87226,0.46518,0,1,0
0.87143,0.46555,0,1,0
0.87067,0.46602,0,1,0
0.86996,0.46658,0,1,0
0.86933,0.46721,0,1,0
0.86877,0.46791,0,1,0
0.86830,0.46868,0,1,0
0.86793,0.46951,0,1,0
0.86765,0.47038,0,1,0
0.86747,0.47129,0,1,0
0.86742,0.47224,0,1,0
1.51124,0.60595,0,0,0
1.51130,0.60690,0,1,0
1.51147,0.60781,0,1,0
1.51175,0.60868,0,1,0
1.51213,0.60950,0,1,0
1.51260,0.61026,0,1,0
1.51315,0.61097,0,1,0
1.51378,0.61160,0,1,0
1.51448,0.61215,0,1,0
1.51525,0.61262,0,1,0
1.51607,0.61300,0,1,0
1.51694,0.61327,0,1,0
1.51785,0.61345,0,1,0
1.51880,0.61351,0,1,0
1.51975,0.61345,0,1,0
1.52066,0.61327,0,1,0
1.52153,0.61300,0,1,0
1.52235,0.61262,0,1,0
1.52312,0.61215,0,1,0
1.52382,0.61160,0,1,0
1.52445,0.61097,0,1,0
1.52500,0.61026,0,1,0
1.52547,0.60950,0,1,0
1.52585,0.60868,0,1,0
1.52613,0.60781,0,1,0
1.52630,0.60690,0,1,0
1.52636,0.60595,0,1,0
1.52630,0.60500,0,1,0
1.52613,0.60409,0,1,0
1.52585,0.60322,0,1,0
1.52547,0.60240,0,1,0
1.52500,0.60163,0,1,0
1.52445,0.60093,0,1,0
1.52382,0.60030,0,1,0
1.52312,0.59974,0,1,0
1.52235,0.59928,0,1,0
1.52153,0.59890,0,1,0
1.52066,0.59862,0,1,0
1.51975,0.59845,0,1,0
1.51880,0.59839,0,1,0
1.51785,0.59845,0,1,0
1.51694,0.59862,0,1,0
1.51607,0.59890,0,1,0
1.51525,0.59928,0,1,0
1.51448,0.59974,0,1,0
1.51378,0.60030,0,1,0
1.51315,0.60093,0,1,0
1.51260,0.60163,0,1,0
1.51213,0.60240,0,1,0
1.51175,0.60322,0,1,0
1.51147,0.60409,0,1,0
1.51130,0.60500,0,1,0
1.51124,0.60595,0,1,0
1.69831,0.80913,0,0,0
1.69837,0.81008,0,1,0
1.69854,0.81099,0,1,0
1.69882,0.81187,0,1,0
1.69920,0.81269,0,1,0
1.69967,0.81346,0,1,0
1.70023,0.81416,0,1,0
1.70086,0.81479,0,1,0
1.70156,0.81535,0,1,0
1.70233,0.81582,0,1,0
1.70316,0.81620,0,1,0
1.70403,0.81647,0,1,0
1.70494,0.81665,0,1,0
1.70589,0.81671,0,1,0
1.70685,0.81665,0,1,0
1.70776,0.81647,0,1,0
1.70863,0.81620,0,1,0
1.70946,0.81582,0,1,0
1.71023,0.81535,0,1,0
1.71093,0.81479,0,1,0
1.71156,0.81416,0,1,0
1.71212,0.81346,0,1,0
1.71259,0.81269,0,1,0
1.71297,0.81187,0,1,0
1.71324,0.81099,0,1,0
1.71342,0.81008,0,1,0
1.71348,0.80913,0,1,0
1.71342,0.80818,0,1,0
1.71324,0.80726,0,1,0
1.71297,0.80639,0,1,0
1.71259,0.80556,0,1,0
1.71212,0.80480,0,1,0
1.71156,0.80409,0,1,0
1.71093,0.80346,0,1,0
1.71023,0.80291,0,1,0
1.70946,0.80244,0,1,0
1.70863,0.80206,0,1,0
1.70776,0.80178,0,1,0
1.70685,0.80161,0,1,0
1.70589,0.80155,0,1,0
1.70494,0.80161,0,1,0
1.70403,0.80178,0,1,0
1.70316,0.80206,0,1,0
1.70233,0.80243,0,1,0
1.70156,0.80291,0,1,0
1.70086,0.80346,0,1,0
1.70023,0.80409,0,1,0
1.69967,0.80480,0,1,0
1.69920,0.80556,0,1,0
1.69882,0.80639,0,1,0
1.69854,0.80726,0,1,0
1.69837,0.80818,0,1,0
1.69831,0.80913,0,1,0
0.78130,1.52581,0,0,0
0.78136,1.52676,0,1,0
0.78153,1.52767,0,1,0
0.78181,1.52854,0,1,0
0.78219,1.52937,0,1,0
0.78266,1.53013,0,1,0
0.78321,1.53083,0,1,0
0.78384,1.53146,0,1,0
0.78455,1.53202,0,1,0
0.78531,1.53248,0,1,0
0.78613,1.53286,0,1,0
0.78700,1.53314,0,1,0
0.78792,1.53331,0,1,0
0.78886,1.53337,0,1,0
0.78981,1.53331,0,1,0
0.79072,1.53314,0,1,0
0.79159,1.53286,0,1,0
0.79242,1.53249,0,1,0
0.79318,1.53202,0,1,0
0.79388,1.53146,0,1,0
0.79451,1.53083,0,1,0
0.79507,1.53013,0,1,0
0.79554,1.52937,0,1,0
0.79591,1.52854,0,1,0
0.79619,1.52767,0,1,0
0.79636,1.52676,0,1,0
0.79642,1.52581,0,1,0
0.79636,1.52487,0,1,0
0.79619,1.52395,0,1,0
0.79591,1.52308,0,1,0
0.79554,1.52226,0,1,0
0.79507,1.52150,0,1,0
0.79451,1.52079,0,1,0
0.79388,1.52016,0,1,0
0.79318,1.51961,0,1,0
0.79242,1.51914,0,1,0
0.79159,1.51876,0,1,0
0.79072,1.51849,0,1,0
0.78981,1.51831,0,1,0
0.78886,1.51826,0,1,0
0.78792,1.51831,0,1,0
0.78700,1.51849,0,1,0
0.78613,1.51876,0,1,0
0.78531,1.51914,0,1,0
0.78455,1.51961,0,1,0
0.78384,1.52016,0,1,0
0.78321,1.52079,0,1,0
0.78266,1.52150,0,1,0
0.78219,1.52226,0,1,0
0.78181,1.52308,0,1,0
0.78154,1.52395,0,1,0
0.78136,1.52487,0,1,0
0.78130,1.52581,0,1,0
0.98722,1.67701,0,0,0
0.98728,1.67796,0,1,0
0.98745,1.67887,0,1,0
0.98773,1.67974,0,1,0
0.98810,1.68056,0,1,0
0.98857,1.68133,0,1,0
0.98913,1.68203,0,1,0
0.98976,1.68266,0,1,0
0.99046,1.68321,0,1,0
0.99122,1.68368,0,1,0
0.99204,1.68406,0,1,0
0.99292,1.68434,0,1,0
0.99383,1.68451,0,1,0
0.99478,1.68457,0,1,0
0.99572,1.68451,0,1,0
0.99664,1.68434,0,1,0
0.99751,1.68406,0,1,0
0.99833,1.68368,0,1,0
0.99909,1.68321,0,1,0
0.99980,1.68266,0,1,0
1.00043,1.68203,0,1,0
1.00098,1.68133,0,1,0
1.00145,1.68056,0,1,0
1.00183,1.67974,0,1,0
1.00210,1.67887,0,1,0
1.00228,1.67796,0,1,0
1.00234,1.67701,0,1,0
1.00228,1.67606,0,1,0
1.00210,1.67515,0,1,0
1.00183,1.67428,0,1,0
1.00145,1.67346,0,1,0
1.00098,1.67269,0,1,0
1.00043,1.67199,0,1,0
0.99980,1.67136,0,1,0
0.99909,1.67081,0,1,0
0.99833,1.67034,0,1,0
0.99751,1.66996,0,1,0
0.99664,1.66968,0,1,0
0.99572,1.66951,0,1,0
0.99478,1.66945,0,1,0
0.99383,1.66951,0,1,0
0.99292,1.66968,0,1,0
0.99205,1.66996,0,1,0
0.99122,1.67034,0,1,0
0.99046,1.67081,0,1,0
0.98976,1.67136,0,1,0
0.98913,1.67199,0,1,0
0.98857,1.67269,0,1,0
0.98810,1.67346,0,1,0
0.98773,1.67428,0,1,0
0.98745,1.67515,0,1,0
0.98728,1.67606,0,1,0
0.98722,1.67701,0,1,0
0.96485,1.69181,0,0,0
0.96491,1.69276,0,1,0
0.96508,1.69367,0,1,0
0.96536,1.69454,0,1,0
0.96574,1.69536,0,1,0
0.96621,1.69613,0,1,0
0.96676,1.69683,0,1,0
0.96739,1.69746,0,1,0
0.96810,1.69801,0,1,0
0.96886,1.69848,0,1,0
0.96968,1.69886,0,1,0
0.97055,1.69914,0,1,0
0.97147,1.69931,0,1,0
0.97241,1.69937,0,1,0
0.97336,1.69931,0,1,0
0.97427,1.69914,0,1,0
0.97514,1.69886,0,1,0
0.97597,1.69848,0,1,0
0.97673,1.69801,0,1,0
0.97743,1.69746,0,1,0
0.97806,1.69683,0,1,0
0.97862,1.69613,0,1,0
0.97909,1.69536,0,1,0
0.97946,1.69454,0,1,0
0.97974,1.69367,0,1,0
0.97991,1.69276,0,1,0
0.97997,1.69181,0,1,0
0.97991,1.69086,0,1,0
0.97974,1.68995,0,1,0
0.97946,1.68908,0,1,0
0.97909,1.68826,0,1,0
0.97862,1.68749,0,1,0
0.97806,1.68679,0,1,0
0.97743,1.68616,0,1,0
0.97673,1.68561,0,1,0
0.97597,1.68514,0,1,0
0.97514,1.68476,0,1,0
0.97427,1.68448,0,1,0
0.97336,1.68431,0,1,0
0.97241,1.68425,0,1,0
0.97147,1.68431,0,1,0
0.97055,1.68448,0,1,0
0.96968,1.68476,0,1,0
0.96886,1.68514,0,1,0
0.96810,1.68561,0,1,0
0.96739,1.68616,0,1,0
0.96676,1.68679,0,1,0
0.96621,1.68749,0,1,0
0.96574,1.68826,0,1,0
0.96536,1.68908,0,1,0
0.96508,1.68995,0,1,0
0.96491,1.69086,0,1,0
0.96485,1.69181,0,1,0
0.94467,1.70661,0,0,0
0.94473,1.70756,0,1,0
0.94490,1.70847,0,1,0
0.94518,1.70934,0,1,0
0.94555,1.71016,0,1,0
0.94602,1.71093,0,1,0
0.94657,1.71163,0,1,0
0.94721,1.71226,0,1,0
0.94791,1.71281,0,1,0
0.94867,1.71328,0,1,0
0.94949,1.71366,0,1,0
0.95036,1.71394,0,1,0
0.95128,1.71411,0,1,0
0.95223,1.71417,0,1,0
0.95317,1.71411,0,1,0
0.95409,1.71394,0,1,0
0.95496,1.71366,0,1,0
0.95578,1.71328,0,1,0
0.95654,1.71281,0,1,0
0.95724,1.71226,0,1,0
0.95788,1.71163,0,1,0
0.95843,1.71093,0,1,0
0.95890,1.71016,0,1,0
0.95928,1.70934,0,1,0
0.95955,1.70847,0,1,0
0.95973,1.70756,0,1,0
0.95978,1.70661,0,1,0
0.95973,1.70566,0,1,0
0.95955,1.70475,0,1,0
0.95928,1.70388,0,1,0
0.95890,1.70306,0,1,0
0.95843,1.70229,0,1,0
0.95788,1.70159,0,1,0
0.95724,1.70096,0,1,0
0.95654,1.70041,0,1,0
0.95578,1.69994,0,1,0
0.95496,1.69956,0,1,0
0.95409,1.69928,0,1,0
0.95317,1.69911,0,1,0
0.95223,1.69905,0,1,0
0.95128,1.69911,0,1,0
0.95036,1.69928,0,1,0
0.94949,1.69956,0,1,0
0.94867,1.69994,0,1,0
0.94791,1.70041,0,1,0
0.94721,1.70096,0,1,0
0.94657,1.70159,0,1,0
0.94602,1.70229,0,1,0
0.94555,1.70306,0,1,0
0.94518,1.70388,0,1,0
0.94490,1.70475,0,1,0
0.94473,1.70566,0,1,0
0.94467,1.70661,0,1,0
0.81360,1.48677,0,0,0
0.81366,1.48772,0,1,0
0.81384,1.48863,0,1,0
0.81411,1.48950,0,1,0
0.81449,1.49032,0,1,0
0.81496,1.49109,0,1,0
0.81551,1.49179,0,1,0
0.81614,1.49242,0,1,0
0.81685,1.49297,0,1,0
0.81761,1.49344,0,1,0
0.81843,1.49382,0,1,0
0.81930,1.49410,0,1,0
0.82022,1.49427,0,1,0
0.82116,1.49433,0,1,0
0.82211,1.49427,0,1,0
0.82302,1.49410,0,1,0
0.82389,1.49382,0,1,0
0.82472,1.49344,0,1,0
0.82548,1.49297,0,1,0
0.82618,1.49242,0,1,0
0.82681,1.49179,0,1,0
0.82737,1.49109,0,1,0
0.82784,1.49032,0,1,0
0.82821,1.48950,0,1,0
0.82849,1.48863,0,1,0
0.82866,1.48772,0,1,0
0.82872,1.48677,0,1,0
0.82866,1.48582,0,1,0
0.82849,1.48491,0,1,0
0.82821,1.48404,0,1,0
0.82784,1.48322,0,1,0
0.82737,1.48245,0,1,0
0.82681,1.48175,0,1,0
0.82618,1.48112,0,1,0
0.82548,1.48057,0,1,0
0.82472,1.48010,0,1,0
0.82389,1.47972,0,1,0
0.82302,1.47944,0,1,0
0.82211,1.47927,0,1,0
0.82116,1.47921,0,1,0
0.82022,1.47927,0,1,0
0.81930,1.47944,0,1,0
0.81843,1.47972,0,1,0
0.81761,1.48010,0,1,0
0.81685,1.48057,0,1,0
0.81614,1.48112,0,1,0
0.81551,1.48175,0,1,0
0.81496,1.48245,0,1,0
0.81449,1.48322,0,1,0
0.81411,1.48404,0,1,0
0.81383,1.48491,0,1,0
0.81366,1.48582,0,1,0
0.81360,1.48677,0,1,0
1.11691,1.88019,0,0,0
1.11697,1.88113,0,1,0
1.11714,1.88205,0,1,0
1.11742,1.88292,0,1,0
1.11780,1.88374,0,1,0
1.11827,1.88450,0,1,0
1.11882,1.88521,0,1,0
1.11945,1.88584,0,1,0
1.12015,1.88639,0,1,0
1.12092,1.88686,0,1,0
1.12174,1.88724,0,1,0
1.12261,1.88751,0,1,0
1.12352,1.88769,0,1,0
1.12447,1.88774,0,1,0
1.12542,1.88769,0,1,0
1.12633,1.88751,0,1,0
1.12720,1.88724,0,1,0
1.12802,1.88686,0,1,0
1.12879,1.88639,0,1,0
1.12949,1.88584,0,1,0
1.13012,1.88521,0,1,0
1.13067,1.88450,0,1,0
1.13114,1.88374,0,1,0
1.13152,1.88292,0,1,0
1.13180,1.88205,0,1,0
1.13197,1.88113,0,1,0
1.13203,1.88019,0,1,0
1.13197,1.87924,0,1,0
1.13180,1.87833,0,1,0
1.13152,1.87746,0,1,0
1.13114,1.87664,0,1,0
1.13067,1.87587,0,1,0
1.13012,1.87517,0,1,0
1.12949,1.87454,0,1,0
1.12879,1.87398,0,1,0
1.12802,1.87352,0,1,0
1.12720,1.87314,0,1,0
1.12633,1.87286,0,1,0
1.12542,1.87269,0,1,0
1.12447,1.87263,0,1,0
1.12352,1.87269,0,1,0
1.12261,1.87286,0,1,0
1.12174,1.87314,0,1,0
1.12092,1.87352,0,1,0
1.12015,1.87398,0,1,0
1.11945,1.87454,0,1,0
1.11882,1.87517,0,1,0
1.11827,1.87587,0,1,0
1.11780,1.87664,0,1,0
1.11742,1.87746,0,1,0
1.11714,1.87833,0,1,0
1.11697,1.87924,0,1,0
1.11691,1.88019,0,1,0
1.16673,1.66221,0,0,0
1.16679,1.66316,0,1,0
1.16696,1.66407,0,1,0
1.16724,1.66494,0,1,0
1.16762,1.66576,0,1,0
1.16808,1.66652,0,1,0
1.16864,1.66723,0,1,0
1.16927,1.66786,0,1,0
1.16997,1.66841,0,1,0
1.17074,1.66888,0,1,0
1.17156,1.66926,0,1,0
1.17243,1.66953,0,1,0
1.17334,1.66971,0,1,0
1.17429,1.66977,0,1,0
1.17524,1.66971,0,1,0
1.17615,1.66953,0,1,0
1.17702,1.66926,0,1,0
1.17784,1.66888,0,1,0
1.17861,1.66841,0,1,0
1.17931,1.66786,0,1,0
1.17994,1.66723,0,1,0
1.18049,1.66652,0,1,0
1.18096,1.66576,0,1,0
1.18134,1.66494,0,1,0
1.18162,1.66407,0,1,0
1.18179,1.66316,0,1,0
1.18185,1.66221,0,1,0
1.18179,1.66126,0,1,0
1.18162,1.66035,0,1,0
1.18134,1.65948,0,1,0
1.18096,1.65866,0,1,0
1.18049,1.65789,0,1,0
1.17994,1.65719,0,1,0
1.17931,1.65656,0,1,0
1.17861,1.65600,0,1,0
1.17784,1.65554,0,1,0
1.17702,1.65516,0,1,0
1.17615,1.65488,0,1,0
1.17524,1.65471,0,1,0
1.17429,1.65465,0,1,0
1.17334,1.65471,0,1,0
1.17243,1.65488,0,1,0
1.17156,1.65516,0,1,0
1.17074,1.65554,0,1,0
1.16997,1.65600,0,1,0
1.16927,1.65656,0,1,0
1.16864,1.65719,0,1,0
1.16808,1.65789,0,1,0
1.16762,1.65866,0,1,0
1.16724,1.65948,0,1,0
1.16696,1.66035,0,1,0
1.16679,1.66126,0,1,0
1.16673,1.66221,0,1,0
1.08816,1.70477,0,0,0
1.08821,1.70572,0,1,0
1.08839,1.70663,0,1,0
1.08866,1.70750,0,1,0
1.08904,1.70832,0,1,0
1.08951,1.70909,0,1,0
1.09006,1.70979,0,1,0
1.09069,1.71042,0,1,0
1.09140,1.71097,0,1,0
1.09216,1.71144,0,1,0
1.09298,1.71182,0,1,0
1.09385,1.71210,0,1,0
1.09477,1.71227,0,1,0
1.09571,1.71233,0,1,0
1.09666,1.71227,0,1,0
1.09757,1.71210,0,1,0
1.09845,1.71182,0,1,0
1.09927,1.71144,0,1,0
1.10003,1.71097,0,1,0
1.10073,1.71042,0,1,0
1.10136,1.70979,0,1,0
1.10192,1.70909,0,1,0
1.10239,1.70832,0,1,0
1.10276,1.70750,0,1,0
1.10304,1.70663,0,1,0
1.10321,1.70572,0,1,0
1.10327,1.70477,0,1,0
1.10321,1.70382,0,1,0
1.10304,1.70291,0,1,0
1.10276,1.70204,0,1,0
1.10239,1.70122,0,1,0
1.10192,1.70046,0,1,0
1.10136,1.69975,0,1,0
1.10073,1.69912,0,1,0
1.10003,1.69857,0,1,0
1.09927,1.69810,0,1,0
1.09845,1.69772,0,1,0
1.09757,1.69745,0,1,0
1.09666,1.69727,0,1,0
1.09571,1.69721,0,1,0
1.09477,1.69727,0,1,0
1.09385,1.69745,0,1,0
1.09298,1.69772,0,1,0
1.09216,1.69810,0,1,0
1.09140,1.69857,0,1,0
1.09069,1.69912,0,1,0
1.09006,1.69975,0,1,0
1.08951,1.70046,0,1,0
1.08904,1.70122,0,1,0
1.08866,1.70204,0,1,0
1.08839,1.70291,0,1,0
1.08821,1.70382,0,1,0
1.08816,1.70477,0,1,0
0.95357,1.64689,0,0,0
0.95363,1.64784,0,1,0
0.95380,1.64875,0,1,0
0.95408,1.64962,0,1,0
0.95446,1.65044,0,1,0
0.95493,1.65121,0,1,0
0.95548,1.65191,0,1,0
0.95611,1.65254,0,1,0
0.95681,1.65309,0,1,0
0.95758,1.65356,0,1,0
0.95840,1.65394,0,1,0
0.95927,1.65422,0,1,0
0.96018,1.65439,0,1,0
0.96113,1.65445,0,1,0
0.96208,1.65439,0,1,0
0.96299,1.65422,0,1,0
0.96386,1.65394,0,1,0
0.96468,1.65356,0,1,0
0.96545,1.65309,0,1,0
0.96615,1.65254,0,1,0
0.96678,1.65191,0,1,0
0.96733,1.65121,0,1,0
0.96780,1.65044,0,1,0
0.96818,1.64962,0,1,0
0.96846,1.64875,0,1,0
0.96863,1.64784,0,1,0
0.96869,1.64689,0,1,0
0.96863,1.64594,0,1,0
0.96846,1.64503,0,1,0
0.96818,1.64416,0,1,0
0.96780,1.64334,0,1,0
0.96733,1.64257,0,1,0
0.96678,1.64187,0,1,0
0.96615,1.64124,0,1,0
0.96545,1.64069,0,1,0
0.96468,1.64022,0,1,0
0.96386,1.63984,0,1,0
0.96299,1.63956,0,1,0
0.96208,1.63939,0,1,0
0.96113,1.63933,0,1,0
0.96018,1.63939,0,1,0
0.95927,1.63956,0,1,0
0.95840,1.63984,0,1,0
0.95758,1.64022,0,1,0
0.95681,1.64069,0,1,0
0.95611,1.64124,0,1,0
0.95548,1.64187,0,1,0
0.95493,1.64257,0,1,0
0.95446,1.64334,0,1,0
0.95408,1.64416,0,1,0
0.95380,1.64503,0,1,0
0.95363,1.64594,0,1,0
0.95357,1.64689,0,1,0
1.54709,0.40629,0,0,0
1.54714,0.40724,0,1,0
1.54732,0.40815,0,1,0
1.54759,0.40902,0,1,0
1.54797,0.40984,0,1,0
1.54844,0.41061,0,1,0
1.54899,0.41131,0,1,0
1.54963,0.41194,0,1,0
1.55033,0.41249,0,1,0
1.55109,0.41296,0,1,0
1.55191,0.41334,0,1,0
1.55278,0.41362,0,1,0
1.55370,0.41379,0,1,0
1.55464,0.41385,0,1,0
1.55559,0.41379,0,1,0
1.55651,0.41362,0,1,0
1.55738,0.41334,0,1,0
1.55820,0.41296,0,1,0
1.55896,0.41249,0,1,0
1.55966,0.41194,0,1,0
1.56030,0.41131,0,1,0
1.56085,0.41061,0,1,0
1.56132,0.40984,0,1,0
1.56170,0.40902,0,1,0
1.56197,0.40815,0,1,0
1.56215,0.40724,0,1,0
1.56220,0.40629,0,1,0
1.56215,0.40534,0,1,0
1.56197,0.40443,0,1,0
1.56169,0.40356,0,1,0
1.56132,0.40274,0,1,0
1.56085,0.40197,0,1,0
1.56030,0.40127,0,1,0
1.55966,0.40064,0,1,0
1.55896,0.40009,0,1,0
1.55820,0.39962,0,1,0
1.55738,0.39924,0,1,0
1.55651,0.39896,0,1,0
1.55559,0.39879,0,1,0
1.55464,0.39873,0,1,0
1.55370,0.39879,0,1,0
1.55278,0.39896,0,1,0
1.55191,0.39924,0,1,0
1.55109,0.39962,0,1,0
1.55033,0.40009,0,1,0
1.54963,0.40064,0,1,0
1.54899,0.40127,0,1,0
1.54844,0.40197,0,1,0
1.54797,0.40274,0,1,0
1.54759,0.40356,0,1,0
1.54732,0.40443,0,1,0
1.54714,0.40534,0,1,0
1.54709,0.40629,0,1,0
0.54307,0.59182,0,0,0
0.54313,0.59277,0,1,0
0.54330,0.59369,0,1,0
0.54358,0.59456,0,1,0
0.54396,0.59538,0,1,0
0.54443,0.59615,0,1,0
0.54498,0.59685,0,1,0
0.54562,0.59749,0,1,0
0.54632,0.59804,0,1,0
0.54709,0.59851,0,1,0
0.54791,0.59889,0,1,0
0.54878,0.59917,0,1,0
0.54970,0.59934,0,1,0
0.55065,0.59940,0,1,0
0.55160,0.59934,0,1,0
0.55252,0.59917,0,1,0
0.55339,0.59889,0,1,0
0.55421,0.59851,0,1,0
0.55498,0.59804,0,1,0
0.55568,0.59749,0,1,0
0.55632,0.59685,0,1,0
0.55687,0.59615,0,1,0
0.55734,0.59538,0,1,0
0.55772,0.59456,0,1,0
0.55800,0.59369,0,1,0
0.55817,0.59277,0,1,0
0.55823,0.59182,0,1,0
0.55817,0.59087,0,1,0
0.55800,0.58995,0,1,0
0.55772,0.58908,0,1,0
0.55734,0.58826,0,1,0
0.55687,0.58749,0,1,0
0.55632,0.58679,0,1,0
0.55568,0.58615,0,1,0
0.55498,0.58560,0,1,0
0.55421,0.58513,0,1,0
0.55339,0.58475,0,1,0
0.55252,0.58447,0,1,0
0.55160,0.58430,0,1,0
0.55065,0.58424,0,1,0
0.54970,0.58430,0,1,0
0.54878,0.58447,0,1,0
0.54791,0.58475,0,1,0
0.54709,0.58513,0,1,0
0.54632,0.58560,0,1,0
0.54562,0.58615,0,1,0
0.54498,0.58679,0,1,0
0.54443,0.58749,0,1,0
0.54396,0.58826,0,1,0
0.54358,0.58908,0,1,0
0.54330,0.58995,0,1,0
0.54313,0.59087,0,1,0
0.54307,0.59182,0,1,0
1.06929,0.49427,0,0,0
1.06935,0.49522,0,1,0
1.06952,0.49613,0,1,0
1.06980,0.49701,0,1,0
1.07018,0.49783,0,1,0
1.07065,0.49860,0,1,0
1.07121,0.49930,0,1,0
1.07184,0.49993,0,1,0
1.07254,0.50049,0,1,0
1.07331,0.50096,0,1,0
1.07413,0.50134,0,1,0
1.07501,0.50161,0,1,0
1.07592,0.50179,0,1,0
1.07687,0.50185,0,1,0
1.07782,0.50179,0,1,0
1.07874,0.50162,0,1,0
1.07961,0.50134,0,1,0
1.08044,0.50096,0,1,0
1.08120,0.50049,0,1,0
1.08191,0.49993,0,1,0
1.08254,0.49930,0,1,0
1.08309,0.49860,0,1,0
1.08357,0.49783,0,1,0
1.08394,0.49701,0,1,0
1.08422,0.49613,0,1,0
1.08439,0.49522,0,1,0
1.08445,0.49427,0,1,0
1.08439,0.49332,0,1,0
1.08422,0.49240,0,1,0
1.08394,0.49153,0,1,0
1.08357,0.49070,0,1,0
1.08309,0.48994,0,1,0
1.08254,0.48923,0,1,0
1.08191,0.48860,0,1,0
1.08120,0.48805,0,1,0
1.08044,0.48758,0,1,0
1.07961,0.48720,0,1,0
1.07874,0.48692,0,1,0
1.07782,0.48675,0,1,0
1.07687,0.48669,0,1,0
1.07592,0.48675,0,1,0
1.07501,0.48692,0,1,0
1.07413,0.48720,0,1,0
1.07331,0.48758,0,1,0
1.07254,0.48805,0,1,0
1.07184,0.48860,0,1,0
1.07121,0.48923,0,1,0
1.07065,0.48994,0,1,0
1.07018,0.49070,0,1,0
1.06980,0.49153,0,1,0
1.06952,0.49240,0,1,0
1.06935,0.49332,0,1,0
1.06929,0.49427,0,1,0
0.69968,0.59787,0,0,0
0.69974,0.59882,0,1,0
0.69991,0.59974,0,1,0
0.70019,0.60061,0,1,0
0.70057,0.60144,0,1,0
0.70104,0.60220,0,1,0
0.70159,0.60291,0,1,0
0.70223,0.60354,0,1,0
0.70293,0.60410,0,1,0
0.70370,0.60457,0,1,0
0.70452,0.60494,0,1,0
0.70539,0.60522,0,1,0
0.70631,0.60540,0,1,0
0.70726,0.60545,0,1,0
0.70821,0.60540,0,1,0
0.70913,0.60522,0,1,0
0.71000,0.60494,0,1,0
0.71082,0.60457,0,1,0
0.71159,0.60410,0,1,0
0.71229,0.60354,0,1,0
0.71293,0.60291,0,1,0
0.71348,0.60220,0,1,0
0.71395,0.60144,0,1,0
0.71433,0.60061,0,1,0
0.71461,0.59974,0,1,0
0.71478,0.59882,0,1,0
0.71484,0.59787,0,1,0
0.71478,0.59692,0,1,0
0.71461,0.59601,0,1,0
0.71433,0.59514,0,1,0
0.71395,0.59431,0,1,0
0.71348,0.59354,0,1,0
0.71293,0.59284,0,1,0
0.71229,0.59221,0,1,0
0.71159,0.59165,0,1,0
0.71082,0.59118,0,1,0
0.71000,0.59080,0,1,0
0.70913,0.59053,0,1,0
0.70821,0.59035,0,1,0
0.70726,0.59029,0,1,0
0.70631,0.59035,0,1,0
0.70539,0.59053,0,1,0
0.70452,0.59080,0,1,0
0.70370,0.59118,0,1,0
0.70293,0.59165,0,1,0
0.70223,0.59221,0,1,0
0.70159,0.59284,0,1,0
0.70104,0.59354,0,1,0
0.70057,0.59431,0,1,0
0.70019,0.59514,0,1,0
0.69991,0.59601,0,1,0
0.69974,0.59692,0,1,0
0.69968,0.59787,0,1,0
0.76513,0.49106,0,0,0
0.76519,0.49201,0,1,0
0.76536,0.49293,0,1,0
0.76564,0.49380,0,1,0
0.76602,0.49462,0,1,0
0.76649,0.49539,0,1,0
0.76705,0.49609,0,1,0
0.76768,0.49673,0,1,0
0.76838,0.49728,0,1,0
0.76915,0.49775,0,1,0
0.76997,0.49813,0,1,0
0.77085,0.49841,0,1,0
0.77176,0.49858,0,1,0
0.77271,0.49864,0,1,0
0.77366,0.49858,0,1,0
0.77458,0.49841,0,1,0
0.77545,0.49813,0,1,0
0.77628,0.49775,0,1,0
0.77704,0.49728,0,1,0
0.77775,0.49673,0,1,0
0.77838,0.49609,0,1,0
0.77894,0.49539,0,1,0
0.77941,0.49462,0,1,0
0.77978,0.49380,0,1,0
0.78006,0.49293,0,1,0
0.78024,0.49201,0,1,0
0.78029,0.49106,0,1,0
0.78024,0.49011,0,1,0
0.78006,0.48919,0,1,0
0.77978,0.48832,0,1,0
0.77941,0.48750,0,1,0
0.77894,0.48673,0,1,0
0.77838,0.48603,0,1,0
0.77775,0.48539,0,1,0
0.77704,0.48484,0,1,0
0.77628,0.48437,0,1,0
0.77545,0.48399,0,1,0
0.77458,0.48371,0,1,0
0.77366,0.48354,0,1,0
0.77271,0.48348,0,1,0
0.77176,0.48354,0,1,0
0.77085,0.48371,0,1,0
0.76997,0.48399,0,1,0
0.76915,0.48437,0,1,0
0.76838,0.48484,0,1,0
0.76768,0.48539,0,1,0
0.76705,0.48603,0,1,0
0.76649,0.48673,0,1,0
0.76602,0.48750,0,1,0
0.76564,0.48832,0,1,0
0.76536,0.48919,0,1,0
0.76519,0.49011,0,1,0
0.76513,0.49106,0,1,0
1.24696,0.55834,0,0,0
1.24702,0.55929,0,1,0
1.24719,0.56020,0,1,0
1.24747,0.56107,0,1,0
1.24785,0.56189,0,1,0
1.24832,0.56265,0,1,0
1.24887,0.56336,0,1,0
1.24950,0.56399,0,1,0
1.25021,0.56454,0,1,0
1.25097,0.56501,0,1,0
1.25179,0.56539,0,1,0
1.25266,0.56566,0,1,0
1.25358,0.56584,0,1,0
1.25452,0.56590,0,1,0
1.25547,0.56584,0,1,0
1.25638,0.56566,0,1,0
1.25725,0.56539,0,1,0
1.25808,0.56501,0,1,0
1.25884,0.56454,0,1,0
1.25954,0.56399,0,1,0
1.26017,0.56336,0,1,0
1.26073,0.56265,0,1,0
1.26120,0.56189,0,1,0
1.26157,0.56107,0,1,0
1.26185,0.56020,0,1,0
1.26202,0.55929,0,1,0
1.26208,0.55834,0,1,0
1.26202,0.55739,0,1,0
1.26185,0.55648,0,1,0
1.26157,0.55561,0,1,0
1.26120,0.55479,0,1,0
1.26073,0.55402,0,1,0
1.26017,0.55332,0,1,0
1.25954,0.55269,0,1,0
1.25884,0.55213,0,1,0
1.25808,0.55167,0,1,0
1.25725,0.55129,0,1,0
1.25638,0.55101,0,1,0
1.25547,0.55084,0,1,0
1.25452,0.55078,0,1,0
1.25358,0.55084,0,1,0
1.25266,0.55101,0,1,0
1.25179,0.55129,0,1,0
1.25097,0.55167,0,1,0
1.25021,0.55213,0,1,0
1.24950,0.55269,0,1,0
1.24887,0.55332,0,1,0
1.24832,0.55402,0,1,0
1.24785,0.55479,0,1,0
1.24747,0.55561,0,1,0
1.24719,0.55648,0,1,0
1.24702,0.55739,0,1,0
1.24696,0.55834,0,1,0
1.51259,0.70821,0,0,0
1.51265,0.70916,0,1,0
1.51282,0.71007,0,1,0
1.51310,0.71094,0,1,0
1.51347,0.71176,0,1,0
1.51394,0.71253,0,1,0
1.51450,0.71323,0,1,0
1.51513,0.71386,0,1,0
1.51583,0.71441,0,1,0
1.51659,0.71488,0,1,0
1.51742,0.71526,0,1,0
1.51829,0.71554,0,1,0
1.51920,0.71571,0,1,0
1.52015,0.71577,0,1,0
1.52109,0.71571,0,1,0
1.52201,0.71554,0,1,0
1.52288,0.71526,0,1,0
1.52370,0.71488,0,1,0
1.52446,0.71441,0,1,0
1.52517,0.71386,0,1,0
1.52580,0.71323,0,1,0
1.52635,0.71253,0,1,0
1.52682,0.71176,0,1,0
1.52720,0.71094,0,1,0
1.52747,0.71007,0,1,0
1.52765,0.70916,0,1,0
1.52771,0.70821,0,1,0
1.52765,0.70726,0,1,0
1.52747,0.70635,0,1,0
1.52720,0.70548,0,1,0
1.52682,0.70466,0,1,0
1.52635,0.70389,0,1,0
1.52580,0.70319,0,1,0
1.52517,0.70256,0,1,0
1.52446,0.70201,0,1,0
1.52370,0.70154,0,1,0
1.52288,0.70116,0,1,0
1.52201,0.70088,0,1,0
1.52109,0.70071,0,1,0
1.52015,0.70065,0,1,0
1.51920,0.70071,0,1,0
1.51829,0.70088,0,1,0
1.51742,0.70116,0,1,0
1.51659,0.70154,0,1,0
1.51583,0.70201,0,1,0
1.51513,0.70256,0,1,0
1.51450,0.70319,0,1,0
1.51394,0.70389,0,1,0
1.51347,0.70466,0,1,0
1.51310,0.70548,0,1,0
1.51282,0.70635,0,1,0
1.51265,0.70726,0,1,0
1.51259,0.70821,0,1,0
1.71397,0.61622,0,0,0
1.71403,0.61717,0,1,0
1.71420,0.61808,0,1,0
1.71448,0.61895,0,1,0
1.71486,0.61977,0,1,0
1.71532,0.62054,0,1,0
1.71588,0.62124,0,1,0
1.71651,0.62187,0,1,0
1.71721,0.62242,0,1,0
1.71798,0.62289,0,1,0
1.71880,0.62327,0,1,0
1.71967,0.62355,0,1,0
1.72058,0.62372,0,1,0
1.72153,0.62378,0,1,0
1.72248,0.62372,0,1,0
1.72339,0.62355,0,1,0
1.72426,0.62327,0,1,0
1.72508,0.62289,0,1,0
1.72585,0.62242,0,1,0
1.72655,0.62187,0,1,0
1.72718,0.62124,0,1,0
1.72773,0.62054,0,1,0
1.72820,0.61977,0,1,0
1.72858,0.61895,0,1,0
1.72886,0.61808,0,1,0
1.72903,0.61717,0,1,0
1.72909,0.61622,0,1,0
1.72903,0.61527,0,1,0
1.72886,0.61436,0,1,0
1.72858,0.61349,0,1,0
1.72820,0.61267,0,1,0
1.72773,0.61190,0,1,0
1.72718,0.61120,0,1,0
1.72655,0.61057,0,1,0
1.72585,0.61002,0,1,0
1.72508,0.60955,0,1,0
1.72426,0.60917,0,1,0
1.72339,0.60889,0,1,0
1.72248,0.60872,0,1,0
1.72153,0.60866,0,1,0
1.72058,0.60872,0,1,0
1.71967,0.60889,0,1,0
1.71880,0.60917,0,1,0
1.71798,0.60955,0,1,0
1.71721,0.61002,0,1,0
1.71651,0.61057,0,1,0
1.71588,0.61120,0,1,0
1.71532,0.61190,0,1,0
1.71486,0.61267,0,1,0
1.71448,0.61349,0,1,0
1.71420,0.61436,0,1,0
1.71403,0.61527,0,1,0
1.71397,0.61622,0,1,0
1.78261,0.57231,0,0,0
1.78267,0.57326,0,1,0
1.78284,0.57417,0,1,0
1.78312,0.57504,0,1,0
1.78349,0.57586,0,1,0
1.78396,0.57663,0,1,0
1.78452,0.57733,0,1,0
1.78515,0.57796,0,1,0
1.78585,0.57851,0,1,0
1.78661,0.57898,0,1,0
1.78744,0.57936,0,1,0
1.78831,0.57964,0,1,0
1.78922,0.57981,0,1,0
1.79017,0.57987,0,1,0
1.79111,0.57981,0,1,0
1.79203,0.57964,0,1,0
1.79290,0.57936,0,1,0
1.79372,0.57898,0,1,0
1.79448,0.57851,0,1,0
1.79519,0.57796,0,1,0
1.79582,0.57733,0,1,0
1.79637,0.57663,0,1,0
1.79684,0.57586,0,1,0
1.79722,0.57504,0,1,0
1.79749,0.57417,0,1,0
1.79767,0.57326,0,1,0
1.79773,0.57231,0,1,0
1.79767,0.57136,0,1,0
1.79749,0.57045,0,1,0
1.79722,0.56958,0,1,0
1.79684,0.56876,0,1,0
1.79637,0.56799,0,1,0
1.79582,0.56729,0,1,0
1.79519,0.56666,0,1,0
1.79448,0.56611,0,1,0
1.79372,0.56564,0,1,0
1.79290,0.56526,0,1,0
1.79203,0.56498,0,1,0
1.79111,0.56481,0,1,0
1.79017,0.56475,0,1,0
1.78922,0.56481,0,1,0
1.78831,0.56498,0,1,0
1.78744,0.56526,0,1,0
1.78661,0.56564,0,1,0
1.78585,0.56611,0,1,0
1.78515,0.56666,0,1,0
1.78452,0.56729,0,1,0
1.78396,0.56799,0,1,0
1.78349,0.56876,0,1,0
1.78312,0.56958,0,1,0
1.78284,0.57045,0,1,0
1.78267,0.57136,0,1,0
1.78261,0.57231,0,1,0
1.79389,0.69206,0,0,0
1.79395,0.69301,0,1,0
1.79412,0.69392,0,1,0
1.79440,0.69479,0,1,0
1.79478,0.69562,0,1,0
1.79525,0.69638,0,1,0
1.79580,0.69708,0,1,0
1.79643,0.69771,0,1,0
1.79713,0.69827,0,1,0
1.79790,0.69873,0,1,0
1.79872,0.69911,0,1,0
1.79959,0.69939,0,1,0
1.80050,0.69956,0,1,0
1.80145,0.69962,0,1,0
1.80240,0.69956,0,1,0
1.80331,0.69939,0,1,0
1.80418,0.69911,0,1,0
1.80500,0.69873,0,1,0
1.80577,0.69827,0,1,0
1.80647,0.69771,0,1,0
1.80710,0.69708,0,1,0
1.80765,0.69638,0,1,0
1.80812,0.69562,0,1,0
1.80850,0.69479,0,1,0
1.80878,0.69392,0,1,0
1.80895,0.69301,0,1,0
1.80901,0.69206,0,1,0
1.80895,0.69112,0,1,0
1.80878,0.69020,0,1,0
1.80850,0.68933,0,1,0
1.80812,0.68851,0,1,0
1.80765,0.68775,0,1,0
1.80710,0.68704,0,1,0
1.80647,0.68641,0,1,0
1.80577,0.68586,0,1,0
1.80500,0.68539,0,1,0
1.80418,0.68501,0,1,0
1.80331,0.68474,0,1,0
1.80240,0.68456,0,1,0
1.80145,0.68451,0,1,0
1.80050,0.68456,0,1,0
1.79959,0.68474,0,1,0
1.79872,0.68501,0,1,0
1.79790,0.68539,0,1,0
1.79713,0.68586,0,1,0
1.79643,0.68641,0,1,0
1.79580,0.68704,0,1,0
1.79525,0.68775,0,1,0
1.79478,0.68851,0,1,0
1.79440,0.68933,0,1,0
1.79412,0.69020,0,1,0
1.79395,0.69112,0,1,0
1.79389,0.69206,0,1,0
0.79256,0.86160,0,0,0
0.79262,0.86255,0,1,0
0.79280,0.86346,0,1,0
0.79307,0.86433,0,1,0
0.79345,0.86515,0,1,0
0.79392,0.86592,0,1,0
0.79447,0.86662,0,1,0
0.79510,0.86725,0,1,0
0.79581,0.86781,0,1,0
0.79657,0.86827,0,1,0
0.79739,0.86865,0,1,0
0.79826,0.86893,0,1,0
0.79918,0.86910,0,1,0
0.80012,0.86916,0,1,0
0.80107,0.86910,0,1,0
0.80198,0.86893,0,1,0
0.80285,0.86865,0,1,0
0.80368,0.86827,0,1,0
0.80444,0.86781,0,1,0
0.80514,0.86725,0,1,0
0.80577,0.86662,0,1,0
0.80633,0.86592,0,1,0
0.80680,0.86515,0,1,0
0.80717,0.86433,0,1,0
0.80745,0.86346,0,1,0
0.80762,0.86255,0,1,0
0.80768,0.86160,0,1,0
0.80762,0.86066,0,1,0
0.80745,0.85974,0,1,0
0.80717,0.85887,0,1,0
0.80680,0.85805,0,1,0
0.80633,0.85729,0,1,0
0.80577,0.85658,0,1,0
0.80514,0.85595,0,1,0
0.80444,0.85540,0,1,0
0.80368,0.85493,0,1,0
0.80285,0.85455,0,1,0
0.80198,0.85428,0,1,0
0.80107,0.85410,0,1,0
0.80012,0.85405,0,1,0
0.79918,0.85410,0,1,0
0.79826,0.85428,0,1,0
0.79739,0.85455,0,1,0
0.79657,0.85493,0,1,0
0.79581,0.85540,0,1,0
0.79510,0.85595,0,1,0
0.79447,0.85658,0,1,0
0.79392,0.85729,0,1,0
0.79345,0.85805,0,1,0
0.79307,0.85887,0,1,0
0.79280,0.85974,0,1,0
0.79262,0.86066,0,1,0
0.79256,0.86160,0,1,0
0.79290,0.68803,0,0,0
0.79298,0.68929,0,1,0
0.79321,0.69051,0,1,0
0.79358,0.69167,0,1,0
0.79408,0.69277,0,1,0
0.79471,0.69379,0,1,0
0.79545,0.69473,0,1,0
0.79629,0.69557,0,1,0
0.79723,0.69631,0,1,0
0.79825,0.69694,0,1,0
0.79935,0.69744,0,1,0
0.80051,0.69781,0,1,0
0.80173,0.69804,0,1,0
0.80299,0.69812,0,1,0
0.80426,0.69804,0,1,0
0.80548,0.69781,0,1,0
0.80664,0.69744,0,1,0
0.80774,0.69694,0,1,0
0.80876,0.69631,0,1,0
0.80970,0.69557,0,1,0
0.81054,0.69473,0,1,0
0.81128,0.69379,0,1,0
0.81190,0.69277,0,1,0
0.81241,0.69167,0,1,0
0.81278,0.69051,0,1,0
0.81301,0.68929,0,1,0
0.81309,0.68803,0,1,0
0.81301,0.68676,0,1,0
0.81278,0.68554,0,1,0
0.81241,0.68438,0,1,0
0.81190,0.68328,0,1,0
0.81128,0.68226,0,1,0
0.81054,0.68133,0,1,0
0.80970,0.68048,0,1,0
0.80876,0.67974,0,1,0
0.80774,0.67912,0,1,0
0.80664,0.67861,0,1,0
0.80548,0.67824,0,1,0
0.80426,0.67801,0,1,0
0.80299,0.67793,0,1,0
0.80173,0.67801,0,1,0
0.80051,0.67824,0,1,0
0.79935,0.67861,0,1,0
0.79825,0.67912,0,1,0
0.79723,0.67974,0,1,0
0.79629,0.68048,0,1,0
0.79545,0.68133,0,1,0
0.79471,0.68226,0,1,0
0.79408,0.68328,0,1,0
0.79358,0.68438,0,1,0
0.79321,0.68554,0,1,0
0.79298,0.68676,0,1,0
0.79290,0.68803,0,1,0
0.85346,0.56020,0,0,0
0.85354,0.56146,0,1,0
0.85377,0.56268,0,1,0
0.85414,0.56385,0,1,0
0.85465,0.56494,0,1,0
0.85527,0.56596,0,1,0
0.85601,0.56690,0,1,0
0.85685,0.56774,0,1,0
0.85779,0.56848,0,1,0
0.85881,0.56911,0,1,0
0.85991,0.56961,0,1,0
0.86107,0.56998,0,1,0
0.86229,0.57021,0,1,0
0.86356,0.57029,0,1,0
0.86482,0.57021,0,1,0
0.86604,0.56998,0,1,0
0.86720,0.56961,0,1,0
0.86830,0.56911,0,1,0
0.86932,0.56848,0,1,0
0.87026,0.56774,0,1,0
0.87110,0.56690,0,1,0
0.87184,0.56596,0,1,0
0.87247,0.56494,0,1,0
0.87297,0.56385,0,1,0
0.87334,0.56268,0,1,0
0.87357,0.56146,0,1,0
0.87365,0.56020,0,1,0
0.87357,0.55893,0,1,0
0.87334,0.55772,0,1,0
0.87297,0.55655,0,1,0
0.87247,0.55546,0,1,0
0.87184,0.55443,0,1,0
0.87110,0.55350,0,1,0
0.87026,0.55266,0,1,0
0.86932,0.55192,0,1,0
0.86830,0.55129,0,1,0
0.86720,0.55079,0,1,0
0.86604,0.55042,0,1,0
0.86482,0.55019,0,1,0
0.86356,0.55011,0,1,0
0.86229,0.55019,0,1,0
0.86107,0.55042,0,1,0
0.85991,0.55079,0,1,0
0.85881,0.55129,0,1,0
0.85779,0.55192,0,1,0
0.85685,0.55266,0,1,0
0.85601,0.55350,0,1,0
0.85527,0.55443,0,1,0
0.85465,0.55546,0,1,0
0.85414,0.55655,0,1,0
0.85377,0.55772,0,1,0
0.85354,0.55893,0,1,0
0.85346,0.56020,0,1,0
1.57887,0.69341,0,0,0
1.57895,0.69467,0,1,0
1.57918,0.69589,0,1,0
1.57955,0.69706,0,1,0
1.58005,0.69815,0,1,0
1.58068,0.69917,0,1,0
1.58142,0.70011,0,1,0
1.58226,0.70095,0,1,0
1.58320,0.70169,0,1,0
1.58422,0.70232,0,1,0
1.58532,0.70282,0,1,0
1.58648,0.70319,0,1,0
1.58770,0.70342,0,1,0
1.58896,0.70350,0,1,0
1.59023,0.70342,0,1,0
1.59145,0.70319,0,1,0
1.59261,0.70282,0,1,0
1.59371,0.70232,0,1,0
1.59473,0.70169,0,1,0
1.59567,0.70095,0,1,0
1.59651,0.70011,0,1,0
1.59725,0.69917,0,1,0
1.59787,0.69815,0,1,0
1.59838,0.69706,0,1,0
1.59875,0.69589,0,1,0
1.59898,0.69467,0,1,0
1.59906,0.69341,0,1,0
1.59898,0.69214,0,1,0
1.59875,0.69092,0,1,0
1.59838,0.68976,0,1,0
1.59787,0.68867,0,1,0
1.59725,0.68764,0,1,0
1.59651,0.68671,0,1,0
1.59567,0.68587,0,1,0
1.59473,0.68513,0,1,0
1.59371,0.68450,0,1,0
1.59261,0.68400,0,1,0
1.59145,0.68363,0,1,0
1.59023,0.68340,0,1,0
1.58896,0.68332,0,1,0
1.58770,0.68340,0,1,0
1.58648,0.68363,0,1,0
1.58532,0.68400,0,1,0
1.58422,0.68450,0,1,0
1.58320,0.68513,0,1,0
1.58226,0.68587,0,1,0
1.58142,0.68671,0,1,0
1.58068,0.68764,0,1,0
1.58005,0.68867,0,1,0
1.57955,0.68976,0,1,0
1.57918,0.69092,0,1,0
1.57895,0.69214,0,1,0
1.57887,0.69341,0,1,0
1.83996,0.70821,0,0,0
1.84004,0.70948,0,1,0
1.84027,0.71069,0,1,0
1.84064,0.71186,0,1,0
1.84115,0.71295,0,1,0
1.84177,0.71397,0,1,0
1.84251,0.71491,0,1,0
1.84335,0.71575,0,1,0
1.84429,0.71649,0,1,0
1.84531,0.71712,0,1,0
1.84641,0.71762,0,1,0
1.84757,0.71799,0,1,0
1.84879,0.71822,0,1,0
1.85006,0.71830,0,1,0
1.85132,0.71822,0,1,0
1.85254,0.71799,0,1,0
1.85370,0.71762,0,1,0
1.85480,0.71712,0,1,0
1.85582,0.71649,0,1,0
1.85676,0.71575,0,1,0
1.85760,0.71491,0,1,0
1.85834,0.71397,0,1,0
1.85897,0.71295,0,1,0
1.85947,0.71186,0,1,0
1.85984,0.71069,0,1,0
1.86007,0.70948,0,1,0
1.86015,0.70821,0,1,0
1.86007,0.70694,0,1,0
1.85984,0.70573,0,1,0
1.85947,0.70456,0,1,0
1.85897,0.70347,0,1,0
1.85834,0.70245,0,1,0
1.85760,0.70151,0,1,0
1.85676,0.70067,0,1,0
1.85582,0.69993,0,1,0
1.85480,0.69930,0,1,0
1.85370,0.69880,0,1,0
1.85254,0.69843,0,1,0
1.85132,0.69820,0,1,0
1.85006,0.69812,0,1,0
1.84879,0.69820,0,1,0
1.84757,0.69843,0,1,0
1.84641,0.69880,0,1,0
1.84531,0.69930,0,1,0
1.84429,0.69993,0,1,0
1.84335,0.70067,0,1,0
1.84251,0.70151,0,1,0
1.84177,0.70245,0,1,0
1.84115,0.70347,0,1,0
1.84064,0.70456,0,1,0
1.84027,0.70573,0,1,0
1.84004,0.70694,0,1,0
1.83996,0.70821,0,1,0
1.71076,0.76338,0,0,0
1.71084,0.76464,0,1,0
1.71107,0.76586,0,1,0
1.71144,0.76702,0,1,0
1.71195,0.76812,0,1,0
1.71257,0.76914,0,1,0
1.71331,0.77008,0,1,0
1.71415,0.77092,0,1,0
1.71509,0.77166,0,1,0
1.71611,0.77229,0,1,0
1.71721,0.77279,0,1,0
1.71837,0.77316,0,1,0
1.71959,0.77339,0,1,0
1.72086,0.77347,0,1,0
1.72212,0.77339,0,1,0
1.72334,0.77316,0,1,0
1.72450,0.77279,0,1,0
1.72560,0.77229,0,1,0
1.72662,0.77166,0,1,0
1.72756,0.77092,0,1,0
1.72840,0.77008,0,1,0
1.72914,0.76914,0,1,0
1.72977,0.76812,0,1,0
1.73027,0.76702,0,1,0
1.73064,0.76586,0,1,0
1.73087,0.76464,0,1,0
1.73095,0.76338,0,1,0
1.73087,0.76211,0,1,0
1.73064,0.76089,0,1,0
1.73027,0.75973,0,1,0
1.72977,0.75863,0,1,0
1.72914,0.75761,0,1,0
1.72840,0.75668,0,1,0
1.72756,0.75583,0,1,0
1.72662,0.75509,0,1,0
1.72560,0.75447,0,1,0
1.72450,0.75397,0,1,0
1.72334,0.75359,0,1,0
1.72212,0.75336,0,1,0
1.72086,0.75329,0,1,0
1.71959,0.75336,0,1,0
1.71837,0.75359,0,1,0
1.71721,0.75397,0,1,0
1.71611,0.75447,0,1,0
1.71509,0.75509,0,1,0
1.71415,0.75583,0,1,0
1.71331,0.75668,0,1,0
1.71257,0.75761,0,1,0
1.71195,0.75863,0,1,0
1.71144,0.75973,0,1,0
1.71107,0.76089,0,1,0
1.71084,0.76211,0,1,0
1.71076,0.76338,0,1,0
1.57887,0.75800,0,0,0
1.57895,0.75926,0,1,0
1.57918,0.76048,0,1,0
1.57955,0.76164,0,1,0
1.58005,0.76274,0,1,0
1.58068,0.76376,0,1,0
1.58142,0.76470,0,1,0
1.58226,0.76554,0,1,0
1.58320,0.76628,0,1,0
1.58422,0.76690,0,1,0
1.58532,0.76741,0,1,0
1.58648,0.76778,0,1,0
1.58770,0.76801,0,1,0
1.58896,0.76809,0,1,0
1.59023,0.76801,0,1,0
1.59145,0.76778,0,1,0
1.59261,0.76741,0,1,0
1.59371,0.76690,0,1,0
1.59473,0.76628,0,1,0
1.59567,0.76554,0,1,0
1.59651,0.76470,0,1,0
1.59725,0.76376,0,1,0
1.59787,0.76274,0,1,0
1.59838,0.76164,0,1,0
1.59875,0.76048,0,1,0
1.59898,0.75926,0,1,0
1.59906,0.75800,0,1,0
1.59898,0.75673,0,1,0
1.59875,0.75551,0,1,0
1.59838,0.75435,0,1,0
1.59787,0.75325,0,1,0
1.59725,0.75223,0,1,0
1.59651,0.75129,0,1,0
1.59567,0.75045,0,1,0
1.59473,0.74971,0,1,0
1.59371,0.74909,0,1,0
1.59261,0.74858,0,1,0
1.59145,0.74821,0,1,0
1.59023,0.74798,0,1,0
1.58896,0.74790,0,1,0
1.58770,0.74798,0,1,0
1.58648,0.74821,0,1,0
1.58532,0.74858,0,1,0
1.58422,0.74909,0,1,0
1.58320,0.74971,0,1,0
1.58226,0.75045,0,1,0
1.58142,0.75129,0,1,0
1.58068,0.75223,0,1,0
1.58005,0.75325,0,1,0
1.57955,0.75435,0,1,0
1.57918,0.75551,0,1,0
1.57895,0.75673,0,1,0
1.57887,0.75800,0,1,0
1.31690,1.78761,0,0,0
1.31883,1.78780,0,1,0
1.32076,1.78798,0,1,0
1.32269,1.78817,0,1,0
1.32463,1.78835,0,1,0
1.32656,1.78854,0,1,0
1.32849,1.78872,0,1,0
1.33042,1.78891,0,1,0
1.33235,1.78909,0,1,0
1.33428,1.78927,0,1,0
1.33621,1.78946,0,1,0
1.33814,1.78964,0,1,0
1.34007,1.78983,0,1,0
1.34200,1.79001,0,1,0
1.34008,1.79012,0,1,0
1.33815,1.79023,0,1,0
1.33622,1.79034,0,1,0
1.33429,1.79045,0,1,0
1.33237,1.79056,0,1,0
1.33044,1.79067,0,1,0
1.32851,1.79077,0,1,0
1.32658,1.79088,0,1,0
1.32466,1.79099,0,1,0
1.32273,1.79110,0,1,0
1.32080,1.79121,0,1,0
1.31888,1.79132,0,1,0
1.31695,1.79143,0,1,0
1.31671,1.79252,0,1,0
1.31637,1.79358,0,1,0
1.31594,1.79458,0,1,0
1.31540,1.79554,0,1,0
1.31479,1.79643,0,1,0
1.31409,1.79725,0,1,0
1.31331,1.79800,0,1,0
1.31247,1.79868,0,1,0
1.31156,1.79927,0,1,0
1.31059,1.79977,0,1,0
1.30957,1.80018,0,1,0
1.30850,1.80049,0,1,0
1.30739,1.80069,0,1,0
1.30735,1.80111,0,1,0
1.30724,1.80228,0,1,0
1.30707,1.80406,0,1,0
1.30685,1.80633,0,1,0
1.30660,1.80893,0,1,0
1.30633,1.81174,0,1,0
1.30605,1.81462,0,1,0
1.30578,1.81743,0,1,0
1.30553,1.82003,0,1,0
1.30532,1.82229,0,1,0
1.30514,1.82408,0,1,0
1.30503,1.82525,0,1,0
1.30499,1.82567,0,1,0
1.30488,1.82373,0,1,0
1.30477,1.82180,0,1,0
1.30466,1.81986,0,1,0
1.30455,1.81792,0,1,0
1.30444,1.81598,0,1,0
1.30433,1.81405,0,1,0
1.30422,1.81211,0,1,0
1.30411,1.81017,0,1,0
1.30400,1.80823,0,1,0
1.30389,1.80630,0,1,0
1.30378,1.80436,0,1,0
1.30367,1.80242,0,1,0
1.30356,1.80049,0,1,0
1.30253,1.80020,0,1,0
1.30155,1.79983,0,1,0
1.30061,1.79937,0,1,0
1.29973,1.79882,0,1,0
1.29890,1.79819,0,1,0
1.29814,1.79749,0,1,0
1.29744,1.79673,0,1,0
1.29682,1.79590,0,1,0
1.29628,1.79501,0,1,0
1.29582,1.79407,0,1,0
1.29545,1.79308,0,1,0
1.29517,1.79205,0,1,0
1.29499,1.79098,0,1,0
1.29456,1.79094,0,1,0
1.29335,1.79083,0,1,0
1.29152,1.79066,0,1,0
1.28919,1.79045,0,1,0
1.28652,1.79021,0,1,0
1.28363,1.78995,0,1,0
1.28068,1.78968,0,1,0
1.27779,1.78941,0,1,0
1.27512,1.78917,0,1,0
1.27280,1.78896,0,1,0
1.27096,1.78879,0,1,0
1.26976,1.78868,0,1,0
1.26933,1.78864,0,1,0
1.27131,1.78854,0,1,0
1.27330,1.78843,0,1,0
1.27529,1.78832,0,1,0
1.27728,1.78822,0,1,0
1.27927,1.78811,0,1,0
1.28125,1.78800,0,1,0
1.28324,1.78790,0,1,0
1.28523,1.78779,0,1,0
1.28722,1.78768,0,1,0
1.28920,1.78758,0,1,0
1.29119,1.78747,0,1,0
1.29318,1.78736,0,1,0
1.29517,1.78725,0,1,0
1.29543,1.78627,0,1,0
1.29578,1.78533,0,1,0
1.29621,1.78443,0,1,0
1.29671,1.78357,0,1,0
1.29729,1.78277,0,1,0
1.29794,1.78202,0,1,0
1.29865,1.78134,0,1,0
1.29942,1.78072,0,1,0
1.30025,1.78016,0,1,0
1.30113,1.77968,0,1,0
1.30205,1.77928,0,1,0
1.30301,1.77896,0,1,0
1.30401,1.77873,0,1,0
1.30404,1.77830,0,1,0
1.30415,1.77709,0,1,0
1.30432,1.77525,0,1,0
1.30453,1.77292,0,1,0
1.30477,1.77024,0,1,0
1.30504,1.76734,0,1,0
1.30531,1.76438,0,1,0
1.30557,1.76148,0,1,0
1.30581,1.75880,0,1,0
1.30602,1.75647,0,1,0
1.30619,1.75463,0,1,0
1.30630,1.75342,0,1,0
1.30634,1.75299,0,1,0
1.30644,1.75496,0,1,0
1.30655,1.75694,0,1,0
1.30665,1.75892,0,1,0
1.30676,1.76090,0,1,0
1.30686,1.76287,0,1,0
1.30697,1.76485,0,1,0
1.30707,1.76683,0,1,0
1.30718,1.76880,0,1,0
1.30729,1.77078,0,1,0
1.30739,1.77276,0,1,0
1.30750,1.77473,0,1,0
1.30760,1.77671,0,1,0
1.30771,1.77869,0,1,0
1.30876,1.77892,0,1,0
1.30977,1.77924,0,1,0
1.31074,1.77965,0,1,0
1.31166,1.78015,0,1,0
1.31253,1.78073,0,1,0
1.31334,1.78138,0,1,0
1.31408,1.78210,0,1,0
1.31475,1.78288,0,1,0
1.31535,1.78373,0,1,0
1.31587,1.78463,0,1,0
1.31631,1.78558,0,1,0
1.31665,1.78658,0,1,0
1.31690,1.78761,0,1,0
0.89328,1.50823,0,0,0
0.89521,1.50842,0,1,0
0.89714,1.50860,0,1,0
0.89907,1.50879,0,1,0
0.90100,1.50897,0,1,0
0.90293,1.50915,0,1,0
0.90486,1.50934,0,1,0
0.90679,1.50952,0,1,0
0.90872,1.50971,0,1,0
0.91065,1.50989,0,1,0
0.91259,1.51008,0,1,0
0.91452,1.51026,0,1,0
0.91645,1.51045,0,1,0
0.91838,1.51063,0,1,0
0.91645,1.51074,0,1,0
0.91452,1.51085,0,1,0
0.91260,1.51096,0,1,0
0.91067,1.51107,0,1,0
0.90874,1.51117,0,1,0
0.90681,1.51128,0,1,0
0.90489,1.51139,0,1,0
0.90296,1.51150,0,1,0
0.90103,1.51161,0,1,0
0.89910,1.51172,0,1,0
0.89718,1.51183,0,1,0
0.89525,1.51194,0,1,0
0.89332,1.51204,0,1,0
0.89309,1.51314,0,1,0
0.89276,1.51420,0,1,0
0.89232,1.51520,0,1,0
0.89179,1.51615,0,1,0
0.89117,1.51705,0,1,0
0.89047,1.51787,0,1,0
0.88970,1.51862,0,1,0
0.88885,1.51930,0,1,0
0.88794,1.51989,0,1,0
0.88697,1.52039,0,1,0
0.88595,1.52080,0,1,0
0.88488,1.52111,0,1,0
0.88377,1.52131,0,1,0
0.88373,1.52173,0,1,0
0.88361,1.52290,0,1,0
0.88344,1.52468,0,1,0
0.88323,1.52695,0,1,0
0.88298,1.52955,0,1,0
0.88271,1.53236,0,1,0
0.88243,1.53524,0,1,0
0.88216,1.53804,0,1,0
0.88191,1.54065,0,1,0
0.88169,1.54291,0,1,0
0.88152,1.54470,0,1,0
0.88141,1.54587,0,1,0
0.88137,1.54629,0,1,0
0.88126,1.54435,0,1,0
0.88115,1.54241,0,1,0
0.88104,1.54048,0,1,0
0.88093,1.53854,0,1,0
0.88082,1.53660,0,1,0
0.88071,1.53466,0,1,0
0.88061,1.53273,0,1,0
0.88050,1.53079,0,1,0
0.88039,1.52885,0,1,0
0.88028,1.52692,0,1,0
0.88017,1.52498,0,1,0
0.88006,1.52304,0,1,0
0.87995,1.52110,0,1,0
0.87892,1.52082,0,1,0
0.87794,1.52045,0,1,0
0.87700,1.51998,0,1,0
0.87611,1.51944,0,1,0
0.87528,1.51881,0,1,0
0.87452,1.51811,0,1,0
0.87382,1.51735,0,1,0
0.87320,1.51652,0,1,0
0.87266,1.51563,0,1,0
0.87219,1.51469,0,1,0
0.87182,1.51370,0,1,0
0.87154,1.51266,0,1,0
0.87136,1.51160,0,1,0
0.87093,1.51156,0,1,0
0.86973,1.51145,0,1,0
0.86789,1.51128,0,1,0
0.86557,1.51107,0,1,0
0.86290,1.51083,0,1,0
0.86001,1.51056,0,1,0
0.85706,1.51029,0,1,0
0.85417,1.51003,0,1,0
0.85150,1.50979,0,1,0
0.84917,1.50958,0,1,0
0.84734,1.50941,0,1,0
0.84613,1.50930,0,1,0
0.84570,1.50926,0,1,0
0.84769,1.50916,0,1,0
0.84968,1.50905,0,1,0
0.85167,1.50894,0,1,0
0.85365,1.50884,0,1,0
0.85564,1.50873,0,1,0
0.85763,1.50862,0,1,0
0.85962,1.50851,0,1,0
0.86160,1.50841,0,1,0
0.86359,1.50830,0,1,0
0.86558,1.50819,0,1,0
0.86757,1.50809,0,1,0
0.86955,1.50798,0,1,0
0.87154,1.50787,0,1,0
0.87180,1.50689,0,1,0
0.87215,1.50595,0,1,0
0.87258,1.50505,0,1,0
0.87309,1.50419,0,1,0
0.87367,1.50339,0,1,0
0.87432,1.50264,0,1,0
0.87503,1.50196,0,1,0
0.87580,1.50133,0,1,0
0.87662,1.50078,0,1,0
0.87750,1.50030,0,1,0
0.87842,1.49990,0,1,0
0.87938,1.49958,0,1,0
0.88038,1.49935,0,1,0
0.88042,1.49892,0,1,0
0.88053,1.49771,0,1,0
0.88070,1.49587,0,1,0
0.88091,1.49354,0,1,0
0.88115,1.49085,0,1,0
0.88141,1.48796,0,1,0
0.88168,1.48500,0,1,0
0.88194,1.48210,0,1,0
0.88219,1.47942,0,1,0
0.88240,1.47709,0,1,0
0.88256,1.47525,0,1,0
0.88267,1.47404,0,1,0
0.88271,1.47361,0,1,0
0.88282,1.47558,0,1,0
0.88293,1.47756,0,1,0
0.88303,1.47954,0,1,0
0.88314,1.48151,0,1,0
0.88325,1.48349,0,1,0
0.88335,1.48547,0,1,0
0.88346,1.48744,0,1,0
0.88357,1.48942,0,1,0
0.88368,1.49140,0,1,0
0.88378,1.49338,0,1,0
0.88389,1.49535,0,1,0
0.88400,1.49733,0,1,0
0.88410,1.49931,0,1,0
0.88516,1.49953,0,1,0
0.88617,1.49985,0,1,0
0.88714,1.50026,0,1,0
0.88806,1.50076,0,1,0
0.88893,1.50134,0,1,0
0.88973,1.50199,0,1,0
0.89047,1.50271,0,1,0
0.89115,1.50350,0,1,0
0.89174,1.50434,0,1,0
0.89226,1.50524,0,1,0
0.89269,1.50620,0,1,0
0.89303,1.50719,0,1,0
0.89328,1.50823,0,1,0
1.83166,0.76957,0,0,0
1.83359,0.76975,0,1,0
1.83552,0.76994,0,1,0
1.83746,0.77012,0,1,0
1.83939,0.77031,0,1,0
1.84132,0.77049,0,1,0
1.84325,0.77067,0,1,0
1.84518,0.77086,0,1,0
1.84711,0.77104,0,1,0
1.84904,0.77123,0,1,0
1.85097,0.77141,0,1,0
1.85290,0.77160,0,1,0
1.85483,0.77178,0,1,0
1.85676,0.77197,0,1,0
1.85484,0.77208,0,1,0
1.85291,0.77218,0,1,0
1.85098,0.77229,0,1,0
1.84905,0.77240,0,1,0
1.84713,0.77251,0,1,0
1.84520,0.77262,0,1,0
1.84327,0.77273,0,1,0
1.84135,0.77284,0,1,0
1.83942,0.77294,0,1,0
1.83749,0.77305,0,1,0
1.83556,0.77316,0,1,0
1.83364,0.77327,0,1,0
1.83171,0.77338,0,1,0
1.83148,0.77448,0,1,0
1.83114,0.77553,0,1,0
1.83070,0.77654,0,1,0
1.83017,0.77749,0,1,0
1.82956,0.77838,0,1,0
1.82886,0.77921,0,1,0
1.82808,0.77996,0,1,0
1.82723,0.78063,0,1,0
1.82632,0.78123,0,1,0
1.82535,0.78173,0,1,0
1.82433,0.78213,0,1,0
1.82326,0.78244,0,1,0
1.82215,0.78264,0,1,0
1.82211,0.78306,0,1,0
1.82200,0.78423,0,1,0
1.82183,0.78602,0,1,0
1.82161,0.78828,0,1,0
1.82136,0.79089,0,1,0
1.82109,0.79369,0,1,0
1.82081,0.79657,0,1,0
1.82054,0.79938,0,1,0
1.82029,0.80198,0,1,0
1.82008,0.80425,0,1,0
1.81991,0.80603,0,1,0
1.81979,0.80720,0,1,0
1.81975,0.80762,0,1,0
1.81964,0.80569,0,1,0
1.81954,0.80375,0,1,0
1.81943,0.80181,0,1,0
1.81932,0.79987,0,1,0
1.81921,0.79794,0,1,0
1.81910,0.79600,0,1,0
1.81899,0.79406,0,1,0
1.81888,0.79213,0,1,0
1.81877,0.79019,0,1,0
1.81867,0.78825,0,1,0
1.81856,0.78631,0,1,0
1.81845,0.78438,0,1,0
1.81834,0.78244,0,1,0
1.81731,0.78216,0,1,0
1.81633,0.78178,0,1,0
1.81539,0.78132,0,1,0
1.81451,0.78077,0,1,0
1.81369,0.78015,0,1,0
1.81292,0.77945,0,1,0
1.81223,0.77868,0,1,0
1.81161,0.77785,0,1,0
1.81106,0.77696,0,1,0
1.81060,0.77602,0,1,0
1.81023,0.77503,0,1,0
1.80995,0.77400,0,1,0
1.80977,0.77293,0,1,0
1.80934,0.77289,0,1,0
1.80814,0.77278,0,1,0
1.80630,0.77262,0,1,0
1.80398,0.77240,0,1,0
1.80130,0.77216,0,1,0
1.79842,0.77190,0,1,0
1.79546,0.77163,0,1,0
1.79258,0.77137,0,1,0
1.78990,0.77113,0,1,0
1.78758,0.77091,0,1,0
1.78575,0.77075,0,1,0
1.78454,0.77064,0,1,0
1.78411,0.77060,0,1,0
1.78610,0.77049,0,1,0
1.78809,0.77038,0,1,0
1.79007,0.77028,0,1,0
1.79206,0.77017,0,1,0
1.79405,0.77006,0,1,0
1.79604,0.76996,0,1,0
1.79802,0.76985,0,1,0
1.80001,0.76974,0,1,0
1.80200,0.76964,0,1,0
1.80399,0.76953,0,1,0
1.80598,0.76942,0,1,0
1.80796,0.76931,0,1,0
1.80995,0.76921,0,1,0
1.81021,0.76823,0,1,0
1.81056,0.76728,0,1,0
1.81099,0.76638,0,1,0
1.81150,0.76553,0,1,0
1.81208,0.76473,0,1,0
1.81273,0.76398,0,1,0
1.81344,0.76329,0,1,0
1.81421,0.76267,0,1,0
1.81503,0.76212,0,1,0
1.81591,0.76164,0,1,0
1.81683,0.76124,0,1,0
1.81779,0.76092,0,1,0
1.81879,0.76069,0,1,0
1.81883,0.76025,0,1,0
1.81894,0.75905,0,1,0
1.81910,0.75721,0,1,0
1.81931,0.75487,0,1,0
1.81956,0.75219,0,1,0
1.81982,0.74930,0,1,0
1.82009,0.74633,0,1,0
1.82035,0.74344,0,1,0
1.82059,0.74075,0,1,0
1.82081,0.73842,0,1,0
1.82097,0.73658,0,1,0
1.82108,0.73538,0,1,0
1.82112,0.73494,0,1,0
1.82123,0.73692,0,1,0
1.82133,0.73890,0,1,0
1.82144,0.74087,0,1,0
1.82155,0.74285,0,1,0
1.82166,0.74483,0,1,0
1.82176,0.74680,0,1,0
1.82187,0.74878,0,1,0
1.82198,0.75076,0,1,0
1.82208,0.75273,0,1,0
1.82219,0.75471,0,1,0
1.82230,0.75669,0,1,0
1.82240,0.75866,0,1,0
1.82251,0.76064,0,1,0
1.82356,0.76087,0,1,0
1.82456,0.76119,0,1,0
1.82552,0.76160,0,1,0
1.82644,0.76209,0,1,0
1.82730,0.76266,0,1,0
1.82811,0.76331,0,1,0
1.82885,0.76404,0,1,0
1.82952,0.76482,0,1,0
1.83011,0.76567,0,1,0
1.83063,0.76657,0,1,0
1.83107,0.76753,0,1,0
1.83141,0.76853,0,1,0
1.83166,0.76957,0,1,0
0.80849,0.38335,0,0,0
0.81042,0.38353,0,1,0
0.81235,0.38372,0,1,0
0.81428,0.38390,0,1,0
0.81621,0.38409,0,1,0
0.81814,0.38427,0,1,0
0.82007,0.38446,0,1,0
0.82201,0.38464,0,1,0
0.82394,0.38483,0,1,0
0.82587,0.38501,0,1,0
0.82780,0.38519,0,1,0
0.82973,0.38538,0,1,0
0.83166,0.38556,0,1,0
0.83359,0.38575,0,1,0
0.83166,0.38586,0,1,0
0.82974,0.38597,0,1,0
0.82781,0.38607,0,1,0
0.82588,0.38618,0,1,0
0.82395,0.38629,0,1,0
0.82203,0.38640,0,1,0
0.82010,0.38651,0,1,0
0.81817,0.38662,0,1,0
0.81624,0.38673,0,1,0
0.81432,0.38683,0,1,0
0.81239,0.38694,0,1,0
0.81046,0.38705,0,1,0
0.80853,0.38716,0,1,0
0.80830,0.38826,0,1,0
0.80796,0.38931,0,1,0
0.80752,0.39032,0,1,0
0.80699,0.39127,0,1,0
0.80637,0.39216,0,1,0
0.80567,0.39299,0,1,0
0.80490,0.39374,0,1,0
0.80405,0.39441,0,1,0
0.80315,0.39501,0,1,0
0.80218,0.39551,0,1,0
0.80116,0.39592,0,1,0
0.80009,0.39622,0,1,0
0.79898,0.39642,0,1,0
0.79894,0.39684,0,1,0
0.79883,0.39801,0,1,0
0.79865,0.39980,0,1,0
0.79844,0.40206,0,1,0
0.79819,0.40466,0,1,0
0.79792,0.40747,0,1,0
0.79764,0.41034,0,1,0
0.79737,0.41315,0,1,0
0.79712,0.41575,0,1,0
0.79690,0.41801,0,1,0
0.79673,0.41979,0,1,0
0.79662,0.42096,0,1,0
0.79658,0.42138,0,1,0
0.79647,0.41945,0,1,0
0.79636,0.41751,0,1,0
0.79625,0.41558,0,1,0
0.79614,0.41364,0,1,0
0.79604,0.41170,0,1,0
0.79593,0.40977,0,1,0
0.79582,0.40783,0,1,0
0.79571,0.40590,0,1,0
0.79560,0.40396,0,1,0
0.79549,0.40203,0,1,0
0.79538,0.40009,0,1,0
0.79527,0.39816,0,1,0
0.79517,0.39622,0,1,0
0.79414,0.39594,0,1,0
0.79315,0.39556,0,1,0
0.79221,0.39510,0,1,0
0.79132,0.39455,0,1,0
0.79049,0.39393,0,1,0
0.78973,0.39323,0,1,0
0.78903,0.39246,0,1,0
0.78841,0.39163,0,1,0
0.78787,0.39074,0,1,0
0.78741,0.38980,0,1,0
0.78703,0.38881,0,1,0
0.78676,0.38778,0,1,0
0.78658,0.38671,0,1,0
0.78614,0.38667,0,1,0
0.78494,0.38656,0,1,0
0.78311,0.38640,0,1,0
0.78078,0.38619,0,1,0
0.77811,0.38594,0,1,0
0.77522,0.38568,0,1,0
0.77227,0.38541,0,1,0
0.76938,0.38515,0,1,0
0.76671,0.38491,0,1,0
0.76438,0.38470,0,1,0
0.76255,0.38453,0,1,0
0.76135,0.38442,0,1,0
0.76091,0.38438,0,1,0
0.76290,0.38427,0,1,0
0.76489,0.38417,0,1,0
0.76688,0.38406,0,1,0
0.76887,0.38395,0,1,0
0.77085,0.38385,0,1,0
0.77284,0.38374,0,1,0
0.77483,0.38363,0,1,0
0.77682,0.38352,0,1,0
0.77880,0.38342,0,1,0
0.78079,0.38331,0,1,0
0.78278,0.38320,0,1,0
0.78477,0.38310,0,1,0
0.78675,0.38299,0,1,0
0.78702,0.38201,0,1,0
0.78736,0.38106,0,1,0
0.78779,0.38016,0,1,0
0.78830,0.37931,0,1,0
0.78888,0.37850,0,1,0
0.78953,0.37775,0,1,0
0.79024,0.37706,0,1,0
0.79101,0.37644,0,1,0
0.79184,0.37589,0,1,0
0.79271,0.37541,0,1,0
0.79363,0.37501,0,1,0
0.79459,0.37469,0,1,0
0.79559,0.37447,0,1,0
0.79563,0.37403,0,1,0
0.79574,0.37283,0,1,0
0.79591,0.37099,0,1,0
0.79612,0.36866,0,1,0
0.79636,0.36597,0,1,0
0.79662,0.36308,0,1,0
0.79689,0.36011,0,1,0
0.79716,0.35722,0,1,0
0.79740,0.35454,0,1,0
0.79761,0.35220,0,1,0
0.79778,0.35036,0,1,0
0.79789,0.34916,0,1,0
0.79792,0.34872,0,1,0
0.79803,0.35070,0,1,0
0.79814,0.35268,0,1,0
0.79825,0.35465,0,1,0
0.79835,0.35663,0,1,0
0.79846,0.35861,0,1,0
0.79857,0.36058,0,1,0
0.79867,0.36256,0,1,0
0.79878,0.36454,0,1,0
0.79889,0.36652,0,1,0
0.79899,0.36849,0,1,0
0.79910,0.37047,0,1,0
0.79921,0.37245,0,1,0
0.79932,0.37442,0,1,0
0.80036,0.37465,0,1,0
0.80138,0.37497,0,1,0
0.80234,0.37538,0,1,0
0.80326,0.37588,0,1,0
0.80413,0.37645,0,1,0
0.80494,0.37710,0,1,0
0.80568,0.37783,0,1,0
0.80635,0.37861,0,1,0
0.80695,0.37946,0,1,0
0.80747,0.38036,0,1,0
0.80790,0.38131,0,1,0
0.80824,0.38231,0,1,0
0.80849,0.38335,0,1,0
1.75192,0.57173,0,0,0
1.75385,0.57191,0,1,0
1.75578,0.57210,0,1,0
1.75771,0.57228,0,1,0
1.75965,0.57246,0,1,0
1.76158,0.57265,0,1,0
1.76351,0.57283,0,1,0
1.76544,0.57302,0,1,0
1.76737,0.57320,0,1,0
1.76930,0.57339,0,1,0
1.77123,0.57357,0,1,0
1.77316,0.57376,0,1,0
1.77509,0.57394,0,1,0
1.77702,0.57413,0,1,0
1.77509,0.57423,0,1,0
1.77317,0.57434,0,1,0
1.77124,0.57445,0,1,0
1.76931,0.57456,0,1,0
1.76739,0.57467,0,1,0
1.76546,0.57478,0,1,0
1.76353,0.57489,0,1,0
1.76160,0.57499,0,1,0
1.75968,0.57510,0,1,0
1.75775,0.57521,0,1,0
1.75582,0.57532,0,1,0
1.75390,0.57543,0,1,0
1.75197,0.57554,0,1,0
1.75174,0.57664,0,1,0
1.75140,0.57769,0,1,0
1.75096,0.57870,0,1,0
1.75043,0.57965,0,1,0
1.74982,0.58054,0,1,0
1.74912,0.58136,0,1,0
1.74834,0.58212,0,1,0
1.74749,0.58279,0,1,0
1.74658,0.58338,0,1,0
1.74561,0.58389,0,1,0
1.74459,0.58429,0,1,0
1.74352,0.58460,0,1,0
1.74241,0.58480,0,1,0
1.74237,0.58522,0,1,0
1.74226,0.58639,0,1,0
1.74209,0.58818,0,1,0
1.74187,0.59044,0,1,0
1.74162,0.59304,0,1,0
1.74135,0.59585,0,1,0
1.74107,0.59873,0,1,0
1.74080,0.60154,0,1,0
1.74055,0.60414,0,1,0
1.74034,0.60641,0,1,0
1.74016,0.60819,0,1,0
1.74005,0.60936,0,1,0
1.74001,0.60978,0,1,0
1.73990,0.60785,0,1,0
1.73979,0.60591,0,1,0
1.73969,0.60398,0,1,0
1.73958,0.60204,0,1,0
1.73947,0.60010,0,1,0
1.73936,0.59817,0,1,0
1.73925,0.59623,0,1,0
1.73914,0.59430,0,1,0
1.73903,0.59236,0,1,0
1.73892,0.59043,0,1,0
1.73882,0.58849,0,1,0
1.73871,0.58656,0,1,0
1.73860,0.58462,0,1,0
1.73757,0.58434,0,1,0
1.73659,0.58396,0,1,0
1.73565,0.58350,0,1,0
1.73477,0.58295,0,1,0
1.73394,0.58233,0,1,0
1.73318,0.58163,0,1,0
1.73249,0.58086,0,1,0
1.73187,0.58003,0,1,0
1.73132,0.57914,0,1,0
1.73086,0.57820,0,1,0
1.73049,0.57721,0,1,0
1.73021,0.57618,0,1,0
1.73003,0.57511,0,1,0
1.72960,0.57507,0,1,0
1.72839,0.57496,0,1,0
1.72656,0.57480,0,1,0
1.72424,0.57459,0,1,0
1.72156,0.57434,0,1,0
1.71868,0.57408,0,1,0
1.71572,0.57381,0,1,0
1.71284,0.57355,0,1,0
1.71016,0.57331,0,1,0
1.70784,0.57310,0,1,0
1.70600,0.57293,0,1,0
1.70480,0.57282,0,1,0
1.70437,0.57278,0,1,0
1.70636,0.57267,0,1,0
1.70834,0.57257,0,1,0
1.71033,0.57246,0,1,0
1.71232,0.57235,0,1,0
1.71431,0.57224,0,1,0
1.71630,0.57214,0,1,0
1.71828,0.57203,0,1,0
1.72027,0.57192,0,1,0
1.72226,0.57182,0,1,0
1.72425,0.57171,0,1,0
1.72623,0.57160,0,1,0
1.72822,0.57150,0,1,0
1.73021,0.57139,0,1,0
1.73047,0.57041,0,1,0
1.73082,0.56946,0,1,0
1.73125,0.56856,0,1,0
1.73176,0.56771,0,1,0
1.73234,0.56691,0,1,0
1.73298,0.56616,0,1,0
1.73370,0.56547,0,1,0
1.73447,0.56485,0,1,0
1.73529,0.56430,0,1,0
1.73617,0.56382,0,1,0
1.73709,0.56342,0,1,0
1.73805,0.56310,0,1,0
1.73905,0.56287,0,1,0
1.73909,0.56243,0,1,0
1.73920,0.56123,0,1,0
1.73936,0.55939,0,1,0
1.73957,0.55706,0,1,0
1.73982,0.55437,0,1,0
1.74008,0.55148,0,1,0
1.74035,0.54851,0,1,0
1.74061,0.54562,0,1,0
1.74085,0.54293,0,1,0
1.74106,0.54060,0,1,0
1.74123,0.53876,0,1,0
1.74134,0.53756,0,1,0
1.74138,0.53712,0,1,0
1.74149,0.53910,0,1,0
1.74159,0.54108,0,1,0
1.74170,0.54305,0,1,0
1.74181,0.54503,0,1,0
1.74191,0.54701,0,1,0
1.74202,0.54898,0,1,0
1.74213,0.55096,0,1,0
1.74224,0.55294,0,1,0
1.74234,0.55491,0,1,0
1.74245,0.55689,0,1,0
1.74256,0.55887,0,1,0
1.74266,0.56085,0,1,0
1.74277,0.56282,0,1,0
1.74382,0.56304,0,1,0
1.74482,0.56336,0,1,0
1.74579,0.56377,0,1,0
1.74670,0.56426,0,1,0
1.74757,0.56483,0,1,0
1.74837,0.56548,0,1,0
1.74911,0.56620,0,1,0
1.74979,0.56699,0,1,0
1.75038,0.56784,0,1,0
1.75090,0.56874,0,1,0
1.75133,0.56969,0,1,0
1.75168,0.57069,0,1,0
1.75192,0.57173,0,1,0
1.33594,1.26590,0,0,0
1.31183,1.25660,0,1,0
1.28785,1.24746,0,1,0
1.26404,1.23850,0,1,0
1.24043,1.22974,0,1,0
1.21705,1.22119,0,1,0
1.19395,1.21286,0,1,0
1.17116,1.20477,0,1,0
1.14872,1.19693,0,1,0
1.12666,1.18935,0,1,0
1.10502,1.18205,0,1,0
1.08384,1.17505,0,1,0
1.06315,1.16834,0,1,0
1.04299,1.16196,0,1,0
0.99742,1.14767,0,1,0
0.94241,1.13022,0,1,0
0.87930,1.10974,0,1,0
0.80944,1.08639,0,1,0
0.73419,1.06032,0,1,0
0.65488,1.03168,0,1,0
0.57288,1.00061,0,1,0
0.48951,0.96727,0,1,0
0.40614,0.93181,0,1,0
0.32412,0.89438,0,1,0
0.24478,0.85513,0,1,0
0.16948,0.81420,0,1,0
0.09956,0.77175,0,1,0
0.09997,0.77159,0,1,0
0.10110,0.77115,0,1,0
0.10284,0.77047,0,1,0
0.10503,0.76962,0,1,0
0.10755,0.76864,0,1,0
0.11028,0.76758,0,1,0
0.11307,0.76650,0,1,0
0.11579,0.76544,0,1,0
0.11832,0.76446,0,1,0
0.12051,0.76360,0,1,0
0.12224,0.76293,0,1,0
0.12338,0.76249,0,1,0
0.12379,0.76233,0,1,0
0.16340,0.78413,0,1,0
0.20098,0.80370,0,1,0
0.23669,0.82123,0,1,0
0.27067,0.83693,0,1,0
0.30309,0.85099,0,1,0
0.33410,0.86360,0,1,0
0.36385,0.87496,0,1,0
0.39251,0.88527,0,1,0
0.42023,0.89472,0,1,0
0.44717,0.90350,0,1,0
0.47348,0.91182,0,1,0
0.49932,0.91986,0,1,0
0.52485,0.92783,0,1,0
0.55702,0.93742,0,1,0
0.59737,0.94864,0,1,0
0.64461,0.96121,0,1,0
0.69741,0.97490,0,1,0
0.75447,0.98943,0,1,0
0.81448,1.00456,0,1,0
0.87613,1.02002,0,1,0
0.93811,1.03557,0,1,0
0.99912,1.05093,0,1,0
1.05784,1.06585,0,1,0
1.11296,1.08009,0,1,0
1.16318,1.09337,0,1,0
1.20719,1.10545,0,1,0
1.22103,1.10938,0,1,0
1.23522,1.11350,0,1,0
1.24974,1.11780,0,1,0
1.26457,1.12228,0,1,0
1.27969,1.12694,0,1,0
1.29509,1.13177,0,1,0
1.31076,1.13678,0,1,0
1.32666,1.14197,0,1,0
1.34280,1.14733,0,1,0
1.35914,1.15286,0,1,0
1.37568,1.15856,0,1,0
1.39240,1.16444,0,1,0
1.40929,1.17048,0,1,0
1.40532,1.17598,0,1,0
1.40133,1.18149,0,1,0
1.39730,1.18699,0,1,0
1.39324,1.19250,0,1,0
1.38915,1.19801,0,1,0
1.38502,1.20352,0,1,0
1.38086,1.20903,0,1,0
1.37666,1.21454,0,1,0
1.37243,1.22005,0,1,0
1.36817,1.22556,0,1,0
1.36387,1.23107,0,1,0
1.35954,1.23658,0,1,0
1.35518,1.24209,0,1,0
1.35372,1.24394,0,1,0
1.35225,1.24579,0,1,0
1.35077,1.24764,0,1,0
1.34930,1.24949,0,1,0
1.34782,1.25133,0,1,0
1.34634,1.25316,0,1,0
1.34486,1.25499,0,1,0
1.34338,1.25682,0,1,0
1.34189,1.25865,0,1,0
1.34040,1.26047,0,1,0
1.33892,1.26228,0,1,0
1.33743,1.26409,0,1,0
1.33594,1.26590,0,1,0
1.46384,1.08966,0,0,0
1.45806,1.08577,0,1,0
1.45244,1.08201,0,1,0
1.44697,1.07838,0,1,0
1.44167,1.07489,0,1,0
1.43654,1.07154,0,1,0
1.43159,1.06833,0,1,0
1.42682,1.06527,0,1,0
1.42223,1.06236,0,1,0
1.41785,1.05961,0,1,0
1.41366,1.05703,0,1,0
1.40968,1.05460,0,1,0
1.40592,1.05235,0,1,0
1.40238,1.05028,0,1,0
1.37687,1.03479,0,1,0
1.34132,1.01215,0,1,0
1.29751,0.98360,0,1,0
1.24724,0.95039,0,1,0
1.19231,0.91377,0,1,0
1.13451,0.87498,0,1,0
1.07566,0.83529,0,1,0
1.01753,0.79593,0,1,0
0.96193,0.75817,0,1,0
0.91066,0.72324,0,1,0
0.86552,0.69239,0,1,0
0.82829,0.66688,0,1,0
0.80079,0.64796,0,1,0
0.77589,0.62963,0,1,0
0.74595,0.60576,0,1,0
0.71193,0.57731,0,1,0
0.67482,0.54528,0,1,0
0.63558,0.51067,0,1,0
0.59519,0.47445,0,1,0
0.55462,0.43762,0,1,0
0.51485,0.40116,0,1,0
0.47685,0.36607,0,1,0
0.44159,0.33332,0,1,0
0.41006,0.30392,0,1,0
0.38322,0.27885,0,1,0
0.36204,0.25909,0,1,0
0.36200,0.25859,0,1,0
0.36187,0.25721,0,1,0
0.36168,0.25509,0,1,0
0.36144,0.25241,0,1,0
0.36116,0.24933,0,1,0
0.36085,0.24601,0,1,0
0.36054,0.24260,0,1,0
0.36024,0.23927,0,1,0
0.35996,0.23619,0,1,0
0.35972,0.23351,0,1,0
0.35952,0.23140,0,1,0
0.35940,0.23001,0,1,0
0.35935,0.22951,0,1,0
0.41445,0.27874,0,1,0
0.46395,0.32245,0,1,0
0.50837,0.36115,0,1,0
0.54825,0.39536,0,1,0
0.58412,0.42561,0,1,0
0.61650,0.45242,0,1,0
0.64592,0.47631,0,1,0
0.67292,0.49779,0,1,0
0.69802,0.51739,0,1,0
0.72175,0.53564,0,1,0
0.74464,0.55304,0,1,0
0.76722,0.57012,0,1,0
0.79002,0.58741,0,1,0
0.82081,0.61047,0,1,0
0.85546,0.63584,0,1,0
0.89318,0.66297,0,1,0
0.93311,0.69131,0,1,0
0.97446,0.72032,0,1,0
1.01639,0.74947,0,1,0
1.05807,0.77821,0,1,0
1.09869,0.80600,0,1,0
1.13743,0.83229,0,1,0
1.17345,0.85655,0,1,0
1.20594,0.87823,0,1,0
1.23407,0.89679,0,1,0
1.25703,0.91169,0,1,0
1.27609,0.92393,0,1,0
1.29486,0.93602,0,1,0
1.31334,0.94795,0,1,0
1.33154,0.95974,0,1,0
1.34945,0.97138,0,1,0
1.36708,0.98286,0,1,0
1.38443,0.99420,0,1,0
1.40149,1.00538,0,1,0
1.41828,1.01642,0,1,0
1.43479,1.02730,0,1,0
1.45102,1.03804,0,1,0
1.46697,1.04863,0,1,0
1.48266,1.05907,0,1,0
1.48240,1.05949,0,1,0
1.48215,1.05992,0,1,0
1.48189,1.06034,0,1,0
1.48164,1.06077,0,1,0
1.48139,1.06119,0,1,0
1.48113,1.06162,0,1,0
1.48088,1.06204,0,1,0
1.48063,1.06247,0,1,0
1.48037,1.06290,0,1,0
1.48012,1.06332,0,1,0
1.47987,1.06375,0,1,0
1.47961,1.06418,0,1,0
1.47936,1.06461,0,1,0
1.47819,1.06653,0,1,0
1.47701,1.06845,0,1,0
1.47583,1.07037,0,1,0
1.47465,1.07230,0,1,0
1.47346,1.07422,0,1,0
1.47227,1.07614,0,1,0
1.47108,1.07807,0,1,0
1.46988,1.08000,0,1,0
1.46868,1.08193,0,1,0
1.46747,1.08386,0,1,0
1.46626,1.08579,0,1,0
1.46505,1.08772,0,1,0
1.46384,1.08966,0,1,0
1.85725,1.50508,0,0,0
1.82773,1.48824,0,1,0
1.79592,1.47096,0,1,0
1.76202,1.45330,0,1,0
1.72624,1.43534,0,1,0
1.68878,1.41716,0,1,0
1.64986,1.39884,0,1,0
1.60968,1.38045,0,1,0
1.56846,1.36206,0,1,0
1.52639,1.34376,0,1,0
1.48370,1.32562,0,1,0
1.44058,1.30771,0,1,0
1.39726,1.29012,0,1,0
1.35393,1.27292,0,1,0
1.35496,1.27165,0,1,0
1.35600,1.27038,0,1,0
1.35703,1.26911,0,1,0
1.35806,1.26784,0,1,0
1.35909,1.26656,0,1,0
1.36012,1.26529,0,1,0
1.36115,1.26401,0,1,0
1.36218,1.26273,0,1,0
1.36321,1.26145,0,1,0
1.36424,1.26016,0,1,0
1.36527,1.25888,0,1,0
1.36629,1.25759,0,1,0
1.36732,1.25630,0,1,0
1.37213,1.25022,0,1,0
1.37690,1.24412,0,1,0
1.38163,1.23802,0,1,0
1.38632,1.23191,0,1,0
1.39096,1.22580,0,1,0
1.39557,1.21969,0,1,0
1.40013,1.21357,0,1,0
1.40465,1.20745,0,1,0
1.40913,1.20132,0,1,0
1.41356,1.19520,0,1,0
1.41796,1.18907,0,1,0
1.42231,1.18294,0,1,0
1.42662,1.17680,0,1,0
1.46087,1.18966,0,1,0
1.49548,1.20316,0,1,0
1.53035,1.21730,0,1,0
1.56534,1.23208,0,1,0
1.60031,1.24748,0,1,0
1.63514,1.26350,0,1,0
1.66970,1.28012,0,1,0
1.70385,1.29733,0,1,0
1.73747,1.31514,0,1,0
1.77042,1.33353,0,1,0
1.80258,1.35248,0,1,0
1.83382,1.37200,0,1,0
1.86400,1.39207,0,1,0
1.84749,1.37713,0,1,0
1.82658,1.35932,0,1,0
1.80187,1.33908,0,1,0
1.77395,1.31684,0,1,0
1.74343,1.29305,0,1,0
1.71090,1.26813,0,1,0
1.67698,1.24253,0,1,0
1.64225,1.21668,0,1,0
1.60732,1.19102,0,1,0
1.57279,1.16599,0,1,0
1.53925,1.14202,0,1,0
1.50732,1.11955,0,1,0
1.47759,1.09901,0,1,0
1.47905,1.09662,0,1,0
1.48050,1.09424,0,1,0
1.48195,1.09185,0,1,0
1.48339,1.08947,0,1,0
1.48482,1.08708,0,1,0
1.48625,1.08470,0,1,0
1.48767,1.08232,0,1,0
1.48908,1.07993,0,1,0
1.49048,1.07755,0,1,0
1.49188,1.07517,0,1,0
1.49327,1.07279,0,1,0
1.49465,1.07042,0,1,0
1.49602,1.06804,0,1,0
1.53802,1.09628,0,1,0
1.57788,1.12335,0,1,0
1.61561,1.14927,0,1,0
1.65124,1.17403,0,1,0
1.68481,1.19766,0,1,0
1.71632,1.22014,0,1,0
1.74580,1.24150,0,1,0
1.77329,1.26174,0,1,0
1.79879,1.28086,0,1,0
1.82234,1.29887,0,1,0
1.84396,1.31578,0,1,0
1.86367,1.33160,0,1,0
1.88149,1.34632,0,1,0
1.90696,1.36773,0,1,0
1.93627,1.39275,0,1,0
1.96868,1.42128,0,1,0
2.00345,1.45320,0,1,0
2.03983,1.48841,0,1,0
2.07709,1.52680,0,1,0
2.11449,1.56825,0,1,0
2.15127,1.61265,0,1,0
2.18670,1.65990,0,1,0
2.22004,1.70988,0,1,0
2.25054,1.76248,0,1,0
2.27745,1.81760,0,1,0
2.30005,1.87512,0,1,0
2.26419,1.83156,0,1,0
2.22761,1.79086,0,1,0
2.19060,1.75294,0,1,0
2.15342,1.71769,0,1,0
2.11635,1.68502,0,1,0
2.07968,1.65484,0,1,0
2.04368,1.62705,0,1,0
2.00863,1.60154,0,1,0
1.97480,1.57824,0,1,0
1.94247,1.55704,0,1,0
1.91191,1.53784,0,1,0
1.88341,1.52055,0,1,0
1.85725,1.50508,0,1,0
1.00678,0.83113,0,0,0
1.00207,0.83703,0,1,0
0.99713,0.84320,0,1,0
0.99200,0.84958,0,1,0
0.98671,0.85613,0,1,0
0.98132,0.86280,0,1,0
0.97585,0.86956,0,1,0
0.97035,0.87636,0,1,0
0.96486,0.88315,0,1,0
0.95941,0.88990,0,1,0
0.95404,0.89655,0,1,0
0.94880,0.90306,0,1,0
0.94373,0.90940,0,1,0
0.93886,0.91551,0,1,0
0.93253,0.92353,0,1,0
0.92628,0.93155,0,1,0
0.92010,0.93959,0,1,0
0.91400,0.94763,0,1,0
0.90797,0.95568,0,1,0
0.90201,0.96374,0,1,0
0.89613,0.97181,0,1,0
0.89032,0.97988,0,1,0
0.88459,0.98795,0,1,0
0.87893,0.99603,0,1,0
0.87335,1.00411,0,1,0
0.86784,1.01219,0,1,0
0.86241,1.02027,0,1,0
0.86065,1.01983,0,1,0
0.85889,1.01939,0,1,0
0.85714,1.01895,0,1,0
0.85538,1.01851,0,1,0
0.85362,1.01807,0,1,0
0.85187,1.01763,0,1,0
0.85011,1.01719,0,1,0
0.84835,1.01675,0,1,0
0.84660,1.01631,0,1,0
0.84484,1.01587,0,1,0
0.84309,1.01543,0,1,0
0.84133,1.01499,0,1,0
0.83958,1.01455,0,1,0
0.84615,1.00439,0,1,0
0.85282,0.99424,0,1,0
0.85961,0.98409,0,1,0
0.86650,0.97396,0,1,0
0.87350,0.96384,0,1,0
0.88061,0.95373,0,1,0
0.88782,0.94364,0,1,0
0.89514,0.93357,0,1,0
0.90256,0.92352,0,1,0
0.91009,0.91350,0,1,0
0.91772,0.90350,0,1,0
0.92544,0.89354,0,1,0
0.93327,0.88360,0,1,0
0.93898,0.87647,0,1,0
0.94459,0.86956,0,1,0
0.95007,0.86289,0,1,0
0.95540,0.85646,0,1,0
0.96055,0.85029,0,1,0
0.96550,0.84438,0,1,0
0.97022,0.83875,0,1,0
0.97470,0.83340,0,1,0
0.97890,0.82834,0,1,0
0.98281,0.82358,0,1,0
0.98639,0.81913,0,1,0
0.98964,0.81501,0,1,0
0.99251,0.81121,0,1,0
0.99309,0.81041,0,1,0
0.99376,0.80947,0,1,0
0.99450,0.80841,0,1,0
0.99532,0.80722,0,1,0
0.99622,0.80591,0,1,0
0.99718,0.80449,0,1,0
0.99822,0.80295,0,1,0
0.99933,0.80131,0,1,0
1.00050,0.79956,0,1,0
1.00174,0.79771,0,1,0
1.00304,0.79577,0,1,0
1.00441,0.79373,0,1,0
1.00583,0.79161,0,1,0
1.00751,0.79275,0,1,0
1.00919,0.79389,0,1,0
1.01088,0.79503,0,1,0
1.01256,0.79618,0,1,0
1.01425,0.79732,0,1,0
1.01594,0.79847,0,1,0
1.01763,0.79962,0,1,0
1.01933,0.80077,0,1,0
1.02103,0.80192,0,1,0
1.02273,0.80308,0,1,0
1.02443,0.80423,0,1,0
1.02613,0.80539,0,1,0
1.02784,0.80655,0,1,0
1.02619,0.80835,0,1,0
1.02454,0.81017,0,1,0
1.02290,0.81200,0,1,0
1.02126,0.81385,0,1,0
1.01963,0.81571,0,1,0
1.01800,0.81758,0,1,0
1.01638,0.81947,0,1,0
1.01476,0.82138,0,1,0
1.01315,0.82330,0,1,0
1.01155,0.82523,0,1,0
1.00995,0.82718,0,1,0
1.00836,0.82915,0,1,0
1.00678,0.83113,0,1,0
1.15168,0.69962,0,0,0
1.14751,0.70337,0,1,0
1.14258,0.70749,0,1,0
1.13694,0.71199,0,1,0
1.13066,0.71687,0,1,0
1.12378,0.72216,0,1,0
1.11638,0.72784,0,1,0
1.10850,0.73394,0,1,0
1.10021,0.74045,0,1,0
1.09157,0.74738,0,1,0
1.08264,0.75474,0,1,0
1.07347,0.76254,0,1,0
1.06413,0.77079,0,1,0
1.05467,0.77948,0,1,0
1.05257,0.77804,0,1,0
1.05047,0.77660,0,1,0
1.04836,0.77515,0,1,0
1.04626,0.77370,0,1,0
1.04415,0.77225,0,1,0
1.04204,0.77079,0,1,0
1.03992,0.76934,0,1,0
1.03781,0.76788,0,1,0
1.03569,0.76642,0,1,0
1.03357,0.76495,0,1,0
1.03145,0.76349,0,1,0
1.02933,0.76202,0,1,0
1.02721,0.76055,0,1,0
1.03351,0.75178,0,1,0
1.04010,0.74281,0,1,0
1.04694,0.73376,0,1,0
1.05397,0.72475,0,1,0
1.06116,0.71589,0,1,0
1.06845,0.70728,0,1,0
1.07579,0.69904,0,1,0
1.08314,0.69129,0,1,0
1.09045,0.68413,0,1,0
1.09768,0.67768,0,1,0
1.10477,0.67205,0,1,0
1.11167,0.66735,0,1,0
1.11835,0.66369,0,1,0
1.12765,0.66000,0,1,0
1.13584,0.65811,0,1,0
1.14291,0.65783,0,1,0
1.14887,0.65897,0,1,0
1.15371,0.66131,0,1,0
1.15742,0.66466,0,1,0
1.16001,0.66883,0,1,0
1.16147,0.67360,0,1,0
1.16179,0.67878,0,1,0
1.16098,0.68418,0,1,0
1.15902,0.68958,0,1,0
1.15592,0.69480,0,1,0
1.15168,0.69962,0,1,0
1.36753,1.26004,0,0,0
1.31239,1.32596,0,1,0
1.25599,1.38679,0,1,0
1.19892,1.44218,0,1,0
1.14176,1.49179,0,1,0
1.08511,1.53527,0,1,0
1.02955,1.57226,0,1,0
0.97567,1.60243,0,1,0
0.92407,1.62541,0,1,0
0.87532,1.64087,0,1,0
0.83003,1.64845,0,1,0
0.78878,1.64780,0,1,0
0.75215,1.63857,0,1,0
0.72074,1.62043,0,1,0
0.70092,1.60023,0,1,0
0.68579,1.57519,0,1,0
0.67526,1.54566,0,1,0
0.66920,1.51203,0,1,0
0.66750,1.47467,0,1,0
0.67003,1.43393,0,1,0
0.67669,1.39020,0,1,0
0.68735,1.34385,0,1,0
0.70191,1.29524,0,1,0
0.72023,1.24475,0,1,0
0.74222,1.19275,0,1,0
0.76774,1.13960,0,1,0
0.79669,1.08568,0,1,0
0.79827,1.08623,0,1,0
0.79985,1.08677,0,1,0
0.80143,1.08731,0,1,0
0.80301,1.08784,0,1,0
0.80458,1.08838,0,1,0
0.80615,1.08892,0,1,0
0.80772,1.08945,0,1,0
0.80929,1.08998,0,1,0
0.81085,1.09052,0,1,0
0.81241,1.09105,0,1,0
0.81397,1.09158,0,1,0
0.81553,1.09211,0,1,0
0.81708,1.09263,0,1,0
0.78791,1.14508,0,1,0
0.76228,1.19661,0,1,0
0.74027,1.24689,0,1,0
0.72196,1.29557,0,1,0
0.70743,1.34232,0,1,0
0.69677,1.38681,0,1,0
0.69005,1.42868,0,1,0
0.68737,1.46760,0,1,0
0.68880,1.50324,0,1,0
0.69443,1.53524,0,1,0
0.70433,1.56328,0,1,0
0.71859,1.58701,0,1,0
0.73729,1.60610,0,1,0
0.76640,1.62257,0,1,0
0.80066,1.63037,0,1,0
0.83952,1.62987,0,1,0
0.88240,1.62142,0,1,0
0.92873,1.60536,0,1,0
0.97795,1.58206,0,1,0
1.02948,1.55187,0,1,0
1.08276,1.51514,0,1,0
1.13722,1.47223,0,1,0
1.19228,1.42349,0,1,0
1.24739,1.36928,0,1,0
1.30196,1.30995,0,1,0
1.35544,1.24585,0,1,0
1.36625,1.23211,0,1,0
1.37686,1.21837,0,1,0
1.38727,1.20463,0,1,0
1.39746,1.19090,0,1,0
1.40745,1.17717,0,1,0
1.41722,1.16346,0,1,0
1.42678,1.14978,0,1,0
1.43612,1.13612,0,1,0
1.44525,1.12248,0,1,0
1.45416,1.10889,0,1,0
1.46284,1.09533,0,1,0
1.47131,1.08181,0,1,0
1.47955,1.06835,0,1,0
1.50899,1.01728,0,1,0
1.53500,0.96723,0,1,0
1.55747,0.91848,0,1,0
1.57628,0.87129,0,1,0
1.59133,0.82594,0,1,0
1.60250,0.78267,0,1,0
1.60967,0.74177,0,1,0
1.61274,0.70351,0,1,0
1.61160,0.66815,0,1,0
1.60612,0.63595,0,1,0
1.59621,0.60719,0,1,0
1.58174,0.58213,0,1,0
1.56261,0.56105,0,1,0
1.55500,0.55553,0,1,0
1.54540,0.55067,0,1,0
1.53390,0.54661,0,1,0
1.52057,0.54347,0,1,0
1.50550,0.54138,0,1,0
1.48878,0.54045,0,1,0
1.47051,0.54083,0,1,0
1.45075,0.54262,0,1,0
1.42961,0.54596,0,1,0
1.40716,0.55098,0,1,0
1.38349,0.55779,0,1,0
1.35869,0.56652,0,1,0
1.33285,0.57731,0,1,0
1.33255,0.57679,0,1,0
1.33239,0.57617,0,1,0
1.33235,0.57548,0,1,0
1.33242,0.57472,0,1,0
1.33259,0.57392,0,1,0
1.33283,0.57310,0,1,0
1.33315,0.57229,0,1,0
1.33353,0.57150,0,1,0
1.33395,0.57075,0,1,0
1.33440,0.57006,0,1,0
1.33487,0.56946,0,1,0
1.33534,0.56896,0,1,0
1.33581,0.56859,0,1,0
1.35845,0.55989,0,1,0
1.38083,0.55215,0,1,0
1.40283,0.54543,0,1,0
1.42433,0.53982,0,1,0
1.44522,0.53538,0,1,0
1.46538,0.53221,0,1,0
1.48470,0.53037,0,1,0
1.50305,0.52994,0,1,0
1.52033,0.53100,0,1,0
1.53641,0.53364,0,1,0
1.55118,0.53792,0,1,0
1.56453,0.54392,0,1,0
1.57634,0.55172,0,1,0
1.59919,0.57668,0,1,0
1.61500,0.60912,0,1,0
1.62393,0.64834,0,1,0
1.62612,0.69364,0,1,0
1.62173,0.74433,0,1,0
1.61090,0.79971,0,1,0
1.59378,0.85907,0,1,0
1.57053,0.92173,0,1,0
1.54130,0.98699,0,1,0
1.50623,1.05415,0,1,0
1.46548,1.12251,0,1,0
1.41920,1.19137,0,1,0
1.36753,1.26004,0,1,0
0.35819,1.22490,0,0,0
0.36979,1.22490,0,1,0
0.38138,1.22490,0,1,0
0.39298,1.22490,0,1,0
0.40457,1.22490,0,1,0
0.41617,1.22490,0,1,0
0.42776,1.22490,0,1,0
0.43936,1.22490,0,1,0
0.45095,1.22490,0,1,0
0.46255,1.22490,0,1,0
0.47414,1.22490,0,1,0
0.48574,1.22490,0,1,0
0.49733,1.22490,0,1,0
0.50893,1.22490,0,1,0
0.51866,1.20839,0,1,0
0.52839,1.19188,0,1,0
0.53812,1.17538,0,1,0
0.54785,1.15887,0,1,0
0.55759,1.14236,0,1,0
0.56732,1.12585,0,1,0
0.57705,1.10934,0,1,0
0.58678,1.09283,0,1,0
0.59651,1.07632,0,1,0
0.60624,1.05981,0,1,0
0.61597,1.04330,0,1,0
0.62571,1.02680,0,1,0
0.63544,1.01029,0,1,0
0.63544,1.01291,0,1,0
0.63544,1.02023,0,1,0
0.63544,1.03144,0,1,0
0.63544,1.04573,0,1,0
0.63544,1.06226,0,1,0
0.63544,1.08023,0,1,0
0.63544,1.09883,0,1,0
0.63544,1.11724,0,1,0
0.63544,1.13463,0,1,0
0.63544,1.15020,0,1,0
0.63544,1.16313,0,1,0
0.63544,1.17261,0,1,0
0.63544,1.17781,0,1,0
0.63503,1.18224,0,1,0
0.63388,1.18681,0,1,0
0.63210,1.19144,0,1,0
0.62980,1.19605,0,1,0
0.62708,1.20057,0,1,0
0.62404,1.20493,0,1,0
0.62080,1.20906,0,1,0
0.61747,1.21289,0,1,0
0.61415,1.21634,0,1,0
0.61095,1.21934,0,1,0
0.60798,1.22181,0,1,0
0.60534,1.22369,0,1,0
0.60314,1.22490,0,1,0
0.60678,1.22490,0,1,0
0.61276,1.22490,0,1,0
0.62063,1.22490,0,1,0
0.62996,1.22490,0,1,0
0.64031,1.22490,0,1,0
0.65125,1.22490,0,1,0
0.66234,1.22490,0,1,0
0.67313,1.22490,0,1,0
0.68320,1.22490,0,1,0
0.69210,1.22490,0,1,0
0.69940,1.22490,0,1,0
0.70466,1.22490,0,1,0
0.70744,1.22490,0,1,0
0.70573,1.22411,0,1,0
0.70361,1.22258,0,1,0
0.70118,1.22037,0,1,0
0.69853,1.21756,0,1,0
0.69576,1.21423,0,1,0
0.69296,1.21045,0,1,0
0.69023,1.20630,0,1,0
0.68766,1.20186,0,1,0
0.68534,1.19719,0,1,0
0.68338,1.19237,0,1,0
0.68185,1.18749,0,1,0
0.68087,1.18261,0,1,0
0.68052,1.17781,0,1,0
0.68052,1.17185,0,1,0
0.68052,1.15943,0,1,0
0.68052,1.14171,0,1,0
0.68052,1.11987,0,1,0
0.68052,1.09508,0,1,0
0.68052,1.06852,0,1,0
0.68052,1.04136,0,1,0
0.68052,1.01478,0,1,0
0.68052,0.98994,0,1,0
0.68052,0.96803,0,1,0
0.68052,0.95021,0,1,0
0.68052,0.93767,0,1,0
0.68052,0.93157,0,1,0
0.68090,0.92799,0,1,0
0.68195,0.92425,0,1,0
0.68361,0.92041,0,1,0
0.68576,0.91651,0,1,0
0.68833,0.91262,0,1,0
0.69122,0.90878,0,1,0
0.69435,0.90503,0,1,0
0.69761,0.90144,0,1,0
0.70092,0.89805,0,1,0
0.70418,0.89491,0,1,0
0.70732,0.89207,0,1,0
0.71023,0.88959,0,1,0
0.71282,0.88750,0,1,0
0.71038,0.88750,0,1,0
0.70356,0.88750,0,1,0
0.69317,0.88750,0,1,0
0.68001,0.88750,0,1,0
0.66486,0.88750,0,1,0
0.64852,0.88750,0,1,0
0.63178,0.88750,0,1,0
0.61544,0.88750,0,1,0
0.60029,0.88750,0,1,0
0.58712,0.88750,0,1,0
0.57673,0.88750,0,1,0
0.56992,0.88750,0,1,0
0.56747,0.88750,0,1,0
0.55759,0.90409,0,1,0
0.54770,0.92068,0,1,0
0.53781,0.93726,0,1,0
0.52793,0.95385,0,1,0
0.51804,0.97044,0,1,0
0.50815,0.98702,0,1,0
0.49827,1.00361,0,1,0
0.48838,1.02020,0,1,0
0.47849,1.03678,0,1,0
0.46861,1.05337,0,1,0
0.45872,1.06996,0,1,0
0.44883,1.08654,0,1,0
0.43895,1.10313,0,1,0
0.43895,1.10042,0,1,0
0.43895,1.09285,0,1,0
0.43895,1.08129,0,1,0
0.43895,1.06657,0,1,0
0.43895,1.04957,0,1,0
0.43895,1.03113,0,1,0
0.43895,1.01211,0,1,0
0.43895,0.99336,0,1,0
0.43895,0.97574,0,1,0
0.43895,0.96009,0,1,0
0.43895,0.94728,0,1,0
0.43895,0.93817,0,1,0
0.43895,0.93359,0,1,0
0.43923,0.92972,0,1,0
0.44006,0.92588,0,1,0
0.44138,0.92207,0,1,0
0.44317,0.91830,0,1,0
0.44536,0.91458,0,1,0
0.44793,0.91090,0,1,0
0.45082,0.90727,0,1,0
0.45399,0.90370,0,1,0
0.45740,0.90018,0,1,0
0.46101,0.89674,0,1,0
0.46478,0.89336,0,1,0
0.46865,0.89006,0,1,0
0.47259,0.88683,0,1,0
0.47072,0.88683,0,1,0
0.46552,0.88683,0,1,0
0.45758,0.88683,0,1,0
0.44752,0.88683,0,1,0
0.43595,0.88683,0,1,0
0.42347,0.88683,0,1,0
0.41068,0.88683,0,1,0
0.39820,0.88683,0,1,0
0.38663,0.88683,0,1,0
0.37657,0.88683,0,1,0
0.36863,0.88683,0,1,0
0.36343,0.88683,0,1,0
0.36156,0.88683,0,1,0
0.36519,0.88863,0,1,0
0.36876,0.89090,0,1,0
0.37224,0.89357,0,1,0
0.37558,0.89660,0,1,0
0.37876,0.89994,0,1,0
0.38174,0.90354,0,1,0
0.38447,0.90734,0,1,0
0.38693,0.91130,0,1,0
0.38908,0.91535,0,1,0
0.39089,0.91946,0,1,0
0.39231,0.92357,0,1,0
0.39331,0.92762,0,1,0
0.39386,0.93157,0,1,0
0.39412,0.93882,0,1,0
0.39430,0.95206,0,1,0
0.39441,0.97018,0,1,0
0.39445,0.99207,0,1,0
0.39445,1.01661,0,1,0
0.39440,1.04268,0,1,0
0.39432,1.06919,0,1,0
0.39423,1.09500,0,1,0
0.39412,1.11901,0,1,0
0.39402,1.14011,0,1,0
0.39394,1.15718,0,1,0
0.39388,1.16911,0,1,0
0.39386,1.17478,0,1,0
0.39352,1.17945,0,1,0
0.39254,1.18399,0,1,0
0.39098,1.18839,0,1,0
0.38892,1.19266,0,1,0
0.38641,1.19680,0,1,0
0.38352,1.20079,0,1,0
0.38032,1.20466,0,1,0
0.37687,1.20838,0,1,0
0.37324,1.21197,0,1,0
0.36949,1.21541,0,1,0
0.36569,1.21872,0,1,0
0.36190,1.22188,0,1,0
0.35819,1.22490,0,1,0
1.73701,0.88750,0,0,0
1.75243,0.88750,0,1,0
1.76786,0.88750,0,1,0
1.78328,0.88750,0,1,0
1.79871,0.88750,0,1,0
1.81413,0.88750,0,1,0
1.82956,0.88750,0,1,0
1.84498,0.88750,0,1,0
1.86041,0.88750,0,1,0
1.87583,0.88750,0,1,0
1.89126,0.88750,0,1,0
1.90668,0.88750,0,1,0
1.92211,0.88750,0,1,0
1.93754,0.88750,0,1,0
1.93495,0.88831,0,1,0
1.93234,0.88947,0,1,0
1.92972,0.89096,0,1,0
1.92711,0.89277,0,1,0
1.92453,0.89489,0,1,0
1.92200,0.89730,0,1,0
1.91953,0.89998,0,1,0
1.91716,0.90291,0,1,0
1.91488,0.90608,0,1,0
1.91274,0.90947,0,1,0
1.91074,0.91307,0,1,0
1.90891,0.91685,0,1,0
1.90725,0.92081,0,1,0
1.90403,0.92937,0,1,0
1.89783,0.94597,0,1,0
1.88922,0.96908,0,1,0
1.87875,0.99720,0,1,0
1.86701,1.02880,0,1,0
1.85454,1.06237,0,1,0
1.84190,1.09638,0,1,0
1.82967,1.12933,0,1,0
1.81840,1.15969,0,1,0
1.80866,1.18594,0,1,0
1.80100,1.20658,0,1,0
1.79600,1.22007,0,1,0
1.79420,1.22490,0,1,0
1.79292,1.22490,0,1,0
1.78935,1.22490,0,1,0
1.78390,1.22490,0,1,0
1.77699,1.22490,0,1,0
1.76904,1.22490,0,1,0
1.76047,1.22490,0,1,0
1.75169,1.22490,0,1,0
1.74312,1.22490,0,1,0
1.73517,1.22490,0,1,0
1.72827,1.22490,0,1,0
1.72282,1.22490,0,1,0
1.71925,1.22490,0,1,0
1.71796,1.22490,0,1,0
1.71294,1.22130,0,1,0
1.70787,1.21766,0,1,0
1.70274,1.21399,0,1,0
1.69756,1.21029,0,1,0
1.69232,1.20656,0,1,0
1.68703,1.20281,0,1,0
1.68168,1.19902,0,1,0
1.67628,1.19520,0,1,0
1.67082,1.19135,0,1,0
1.66531,1.18746,0,1,0
1.65973,1.18355,0,1,0
1.65411,1.17961,0,1,0
1.64843,1.17563,0,1,0
1.64841,1.17549,0,1,0
1.64840,1.17534,0,1,0
1.64838,1.17520,0,1,0
1.64836,1.17505,0,1,0
1.64835,1.17491,0,1,0
1.64833,1.17477,0,1,0
1.64831,1.17462,0,1,0
1.64829,1.17448,0,1,0
1.64827,1.17434,0,1,0
1.64825,1.17419,0,1,0
1.64823,1.17405,0,1,0
1.64821,1.17391,0,1,0
1.64818,1.17377,0,1,0
1.64647,1.16582,0,1,0
1.64306,1.15201,0,1,0
1.63826,1.13344,0,1,0
1.63239,1.11120,0,1,0
1.62574,1.08639,0,1,0
1.61862,1.06010,0,1,0
1.61135,1.03344,0,1,0
1.60423,1.00749,0,1,0
1.59756,0.98336,0,1,0
1.59165,0.96213,0,1,0
1.58681,0.94491,0,1,0
1.58334,0.93279,0,1,0
1.58156,0.92686,0,1,0
1.58004,0.92342,0,1,0
1.57788,0.91995,0,1,0
1.57518,0.91646,0,1,0
1.57204,0.91300,0,1,0
1.56855,0.90957,0,1,0
1.56482,0.90622,0,1,0
1.56094,0.90296,0,1,0
1.55701,0.89982,0,1,0
1.55314,0.89683,0,1,0
1.54942,0.89401,0,1,0
1.54596,0.89138,0,1,0
1.54284,0.88898,0,1,0
1.54018,0.88683,0,1,0
1.54200,0.88683,0,1,0
1.54706,0.88683,0,1,0
1.55478,0.88683,0,1,0
1.56456,0.88683,0,1,0
1.57582,0.88683,0,1,0
1.58796,0.88683,0,1,0
1.60040,0.88683,0,1,0
1.61254,0.88683,0,1,0
1.62380,0.88683,0,1,0
1.63358,0.88683,0,1,0
1.64130,0.88683,0,1,0
1.64636,0.88683,0,1,0
1.64818,0.88683,0,1,0
1.64574,0.88962,0,1,0
1.64339,0.89240,0,1,0
1.64116,0.89519,0,1,0
1.63907,0.89797,0,1,0
1.63715,0.90077,0,1,0
1.63542,0.90358,0,1,0
1.63391,0.90642,0,1,0
1.63264,0.90928,0,1,0
1.63162,0.91217,0,1,0
1.63090,0.91510,0,1,0
1.63049,0.91807,0,1,0
1.63041,0.92110,0,1,0
1.63068,0.92417,0,1,0
1.63122,0.92750,0,1,0
1.63187,0.93119,0,1,0
1.63260,0.93514,0,1,0
1.63340,0.93924,0,1,0
1.63423,0.94337,0,1,0
1.63507,0.94743,0,1,0
1.63588,0.95131,0,1,0
1.63665,0.95489,0,1,0
1.63733,0.95807,0,1,0
1.63792,0.96073,0,1,0
1.63837,0.96277,0,1,0
1.63866,0.96408,0,1,0
1.63876,0.96454,0,1,0
1.64064,0.96454,0,1,0
1.64588,0.96454,0,1,0
1.65386,0.96454,0,1,0
1.66398,0.96454,0,1,0
1.67562,0.96454,0,1,0
1.68818,0.96454,0,1,0
1.70104,0.96454,0,1,0
1.71360,0.96454,0,1,0
1.72525,0.96454,0,1,0
1.73536,0.96454,0,1,0
1.74335,0.96454,0,1,0
1.74858,0.96454,0,1,0
1.75046,0.96454,0,1,0
1.75161,0.96146,0,1,0
1.75270,0.95842,0,1,0
1.75375,0.95543,0,1,0
1.75474,0.95248,0,1,0
1.75569,0.94958,0,1,0
1.75658,0.94671,0,1,0
1.75742,0.94388,0,1,0
1.75820,0.94108,0,1,0
1.75893,0.93831,0,1,0
1.75960,0.93558,0,1,0
1.76020,0.93287,0,1,0
1.76075,0.93019,0,1,0
1.76123,0.92754,0,1,0
1.76149,0.92433,0,1,0
1.76121,0.92107,0,1,0
1.76045,0.91780,0,1,0
1.75925,0.91451,0,1,0
1.75767,0.91124,0,1,0
1.75574,0.90799,0,1,0
1.75353,0.90479,0,1,0
1.75108,0.90165,0,1,0
1.74845,0.89859,0,1,0
1.74567,0.89563,0,1,0
1.74280,0.89278,0,1,0
1.73990,0.89007,0,1,0
1.73701,0.88750,0,1,0
1.64885,1.00760,0,0,0
1.65175,1.01707,0,1,0
1.65465,1.02654,0,1,0
1.65755,1.03601,0,1,0
1.66045,1.04548,0,1,0
1.66335,1.05495,0,1,0
1.66625,1.06442,0,1,0
1.66914,1.07389,0,1,0
1.67204,1.08336,0,1,0
1.67494,1.09283,0,1,0
1.67784,1.10230,0,1,0
1.68074,1.11177,0,1,0
1.68364,1.12124,0,1,0
1.68654,1.13071,0,1,0
1.69037,1.12124,0,1,0
1.69420,1.11177,0,1,0
1.69803,1.10230,0,1,0
1.70186,1.09283,0,1,0
1.70569,1.08336,0,1,0
1.70952,1.07389,0,1,0
1.71335,1.06442,0,1,0
1.71718,1.05495,0,1,0
1.72101,1.04548,0,1,0
1.72484,1.03601,0,1,0
1.72867,1.02654,0,1,0
1.73250,1.01707,0,1,0
1.73633,1.00760,0,1,0
1.72960,1.00760,0,1,0
1.72287,1.00760,0,1,0
1.71615,1.00760,0,1,0
1.70942,1.00760,0,1,0
1.70269,1.00760,0,1,0
1.69596,1.00760,0,1,0
1.68923,1.00760,0,1,0
1.68250,1.00760,0,1,0
1.67577,1.00760,0,1,0
1.66904,1.00760,0,1,0
1.66231,1.00760,0,1,0
1.65558,1.00760,0,1,0
1.64885,1.00760,0,1,0
1.63187,1.21261,0,0,0
1.63315,1.21356,0,1,0
1.63443,1.21450,0,1,0
1.63571,1.21544,0,1,0
1.63699,1.21639,0,1,0
1.63827,1.21733,0,1,0
1.63955,1.21828,0,1,0
1.64084,1.21922,0,1,0
1.64212,1.22017,0,1,0
1.64340,1.22111,0,1,0
1.64468,1.22206,0,1,0
1.64596,1.22301,0,1,0
1.64724,1.22396,0,1,0
1.64852,1.22490,0,1,0
1.64802,1.22490,0,1,0
1.64665,1.22490,0,1,0
1.64456,1.22490,0,1,0
1.64191,1.22490,0,1,0
1.63886,1.22490,0,1,0
1.63557,1.22490,0,1,0
1.63220,1.22490,0,1,0
1.62891,1.22490,0,1,0
1.62585,1.22490,0,1,0
1.62320,1.22490,0,1,0
1.62111,1.22490,0,1,0
1.61974,1.22490,0,1,0
1.61925,1.22490,0,1,0
1.61995,1.22425,0,1,0
1.62072,1.22355,0,1,0
1.62155,1.22280,0,1,0
1.62242,1.22199,0,1,0
1.62335,1.22114,0,1,0
1.62432,1.22023,0,1,0
1.62533,1.21928,0,1,0
1.62637,1.21828,0,1,0
1.62743,1.21723,0,1,0
1.62852,1.21614,0,1,0
1.62963,1.21501,0,1,0
1.63075,1.21383,0,1,0
1.63187,1.21261,0,1,0
0.86490,0.92417,0,0,0
0.86544,0.92750,0,1,0
0.86608,0.93119,0,1,0
0.86682,0.93514,0,1,0
0.86762,0.93924,0,1,0
0.86845,0.94337,0,1,0
0.86929,0.94743,0,1,0
0.87010,0.95131,0,1,0
0.87086,0.95489,0,1,0
0.87155,0.95807,0,1,0
0.87213,0.96073,0,1,0
0.87258,0.96277,0,1,0
0.87288,0.96408,0,1,0
0.87298,0.96454,0,1,0
0.87486,0.96454,0,1,0
0.88010,0.96454,0,1,0
0.88808,0.96454,0,1,0
0.89820,0.96454,0,1,0
0.90984,0.96454,0,1,0
0.92240,0.96454,0,1,0
0.93526,0.96454,0,1,0
0.94782,0.96454,0,1,0
0.95946,0.96454,0,1,0
0.96958,0.96454,0,1,0
0.97756,0.96454,0,1,0
0.98280,0.96454,0,1,0
0.98468,0.96454,0,1,0
0.98582,0.96146,0,1,0
0.98692,0.95842,0,1,0
0.98797,0.95543,0,1,0
0.98896,0.95248,0,1,0
0.98991,0.94958,0,1,0
0.99080,0.94671,0,1,0
0.99164,0.94388,0,1,0
0.99242,0.94108,0,1,0
0.99315,0.93831,0,1,0
0.99381,0.93558,0,1,0
0.99442,0.93287,0,1,0
0.99497,0.93019,0,1,0
0.99545,0.92754,0,1,0
0.99571,0.92433,0,1,0
0.99543,0.92107,0,1,0
0.99467,0.91780,0,1,0
0.99347,0.91451,0,1,0
0.99188,0.91124,0,1,0
0.98996,0.90799,0,1,0
0.98775,0.90479,0,1,0
0.98530,0.90165,0,1,0
0.98266,0.89859,0,1,0
0.97989,0.89563,0,1,0
0.97702,0.89278,0,1,0
0.97412,0.89007,0,1,0
0.97122,0.88750,0,1,0
0.97420,0.88750,0,1,0
0.98247,0.88750,0,1,0
0.99509,0.88750,0,1,0
1.01108,0.88750,0,1,0
1.02949,0.88750,0,1,0
1.04933,0.88750,0,1,0
1.06967,0.88750,0,1,0
1.08951,0.88750,0,1,0
1.10792,0.88750,0,1,0
1.12391,0.88750,0,1,0
1.13652,0.88750,0,1,0
1.14480,0.88750,0,1,0
1.14778,0.88750,0,1,0
1.14862,0.88807,0,1,0
1.14947,0.88864,0,1,0
1.15032,0.88921,0,1,0
1.15117,0.88978,0,1,0
1.15201,0.89035,0,1,0
1.15286,0.89092,0,1,0
1.15370,0.89149,0,1,0
1.15455,0.89205,0,1,0
1.15539,0.89262,0,1,0
1.15624,0.89319,0,1,0
1.15708,0.89375,0,1,0
1.15792,0.89432,0,1,0
1.15877,0.89488,0,1,0
1.15720,0.89633,0,1,0
1.15565,0.89789,0,1,0
1.15414,0.89954,0,1,0
1.15265,0.90129,0,1,0
1.15120,0.90314,0,1,0
1.14980,0.90507,0,1,0
1.14844,0.90709,0,1,0
1.14712,0.90919,0,1,0
1.14587,0.91137,0,1,0
1.14467,0.91363,0,1,0
1.14354,0.91595,0,1,0
1.14247,0.91835,0,1,0
1.14147,0.92081,0,1,0
1.13825,0.92937,0,1,0
1.13205,0.94597,0,1,0
1.12343,0.96908,0,1,0
1.11297,0.99720,0,1,0
1.10123,1.02880,0,1,0
1.08876,1.06237,0,1,0
1.07612,1.09638,0,1,0
1.06389,1.12933,0,1,0
1.05262,1.15969,0,1,0
1.04288,1.18594,0,1,0
1.03522,1.20658,0,1,0
1.03022,1.22007,0,1,0
1.02842,1.22490,0,1,0
1.02548,1.22490,0,1,0
1.01727,1.22490,0,1,0
1.00477,1.22490,0,1,0
0.98892,1.22490,0,1,0
0.97069,1.22490,0,1,0
0.95102,1.22490,0,1,0
0.93087,1.22490,0,1,0
0.91120,1.22490,0,1,0
0.89296,1.22490,0,1,0
0.87711,1.22490,0,1,0
0.86461,1.22490,0,1,0
0.85641,1.22490,0,1,0
0.85346,1.22490,0,1,0
0.85567,1.22289,0,1,0
0.85831,1.22044,0,1,0
0.86128,1.21759,0,1,0
0.86444,1.21437,0,1,0
0.86770,1.21080,0,1,0
0.87092,1.20693,0,1,0
0.87398,1.20278,0,1,0
0.87676,1.19838,0,1,0
0.87916,1.19376,0,1,0
0.88104,1.18897,0,1,0
0.88228,1.18401,0,1,0
0.88278,1.17894,0,1,0
0.88240,1.17377,0,1,0
0.88069,1.16582,0,1,0
0.87728,1.15201,0,1,0
0.87249,1.13344,0,1,0
0.86661,1.11120,0,1,0
0.85997,1.08639,0,1,0
0.85285,1.06010,0,1,0
0.84558,1.03344,0,1,0
0.83845,1.00749,0,1,0
0.83178,0.98336,0,1,0
0.82587,0.96213,0,1,0
0.82103,0.94491,0,1,0
0.81756,0.93279,0,1,0
0.81578,0.92686,0,1,0
0.81426,0.92342,0,1,0
0.81210,0.91995,0,1,0
0.80940,0.91646,0,1,0
0.80625,0.91300,0,1,0
0.80277,0.90957,0,1,0
0.79903,0.90622,0,1,0
0.79516,0.90296,0,1,0
0.79123,0.89982,0,1,0
0.78736,0.89683,0,1,0
0.78364,0.89401,0,1,0
0.78018,0.89138,0,1,0
0.77706,0.88898,0,1,0
0.77440,0.88683,0,1,0
0.77621,0.88683,0,1,0
0.78128,0.88683,0,1,0
0.78900,0.88683,0,1,0
0.79878,0.88683,0,1,0
0.81004,0.88683,0,1,0
0.82218,0.88683,0,1,0
0.83462,0.88683,0,1,0
0.84676,0.88683,0,1,0
0.85802,0.88683,0,1,0
0.86780,0.88683,0,1,0
0.87552,0.88683,0,1,0
0.88058,0.88683,0,1,0
0.88240,0.88683,0,1,0
0.87995,0.88962,0,1,0
0.87760,0.89240,0,1,0
0.87537,0.89519,0,1,0
0.87329,0.89797,0,1,0
0.87137,0.90077,0,1,0
0.86964,0.90358,0,1,0
0.86813,0.90642,0,1,0
0.86685,0.90928,0,1,0
0.86584,0.91217,0,1,0
0.86512,0.91510,0,1,0
0.86470,0.91807,0,1,0
0.86462,0.92110,0,1,0
0.86490,0.92417,0,1,0
0.92076,1.13071,0,0,0
0.92459,1.12124,0,1,0
0.92842,1.11177,0,1,0
0.93225,1.10230,0,1,0
0.93608,1.09283,0,1,0
0.93991,1.08336,0,1,0
0.94374,1.07389,0,1,0
0.94757,1.06442,0,1,0
0.95140,1.05495,0,1,0
0.95523,1.04548,0,1,0
0.95906,1.03601,0,1,0
0.96289,1.02654,0,1,0
0.96672,1.01707,0,1,0
0.97055,1.00760,0,1,0
0.96382,1.00760,0,1,0
0.95709,1.00760,0,1,0
0.95036,1.00760,0,1,0
0.94363,1.00760,0,1,0
0.93691,1.00760,0,1,0
0.93018,1.00760,0,1,0
0.92345,1.00760,0,1,0
0.91672,1.00760,0,1,0
0.90999,1.00760,0,1,0
0.90326,1.00760,0,1,0
0.89653,1.00760,0,1,0
0.88980,1.00760,0,1,0
0.88307,1.00760,0,1,0
0.88597,1.01707,0,1,0
0.88887,1.02654,0,1,0
0.89177,1.03601,0,1,0
0.89467,1.04548,0,1,0
0.89757,1.05495,0,1,0
0.90046,1.06442,0,1,0
0.90336,1.07389,0,1,0
0.90626,1.08336,0,1,0
0.90916,1.09283,0,1,0
0.91206,1.10230,0,1,0
0.91496,1.11177,0,1,0
0.91786,1.12124,0,1,0
0.92076,1.13071,0,1,0
1.47477,1.05743,0,0,0
1.46714,1.05235,0,1,0
1.45944,1.04723,0,1,0
1.45168,1.04209,0,1,0
1.44386,1.03691,0,1,0
1.43597,1.03169,0,1,0
1.42801,1.02644,0,1,0
1.41999,1.02115,0,1,0
1.41190,1.01583,0,1,0
1.40375,1.01047,0,1,0
1.39554,1.00508,0,1,0
1.38725,0.99965,0,1,0
1.37890,0.99419,0,1,0
1.37049,0.98869,0,1,0
1.37422,0.98682,0,1,0
1.37780,0.98487,0,1,0
1.38122,0.98284,0,1,0
1.38445,0.98074,0,1,0
1.38747,0.97855,0,1,0
1.39025,0.97628,0,1,0
1.39278,0.97392,0,1,0
1.39503,0.97147,0,1,0
1.39697,0.96893,0,1,0
1.39859,0.96630,0,1,0
1.39985,0.96357,0,1,0
1.40075,0.96074,0,1,0
1.40124,0.95781,0,1,0
1.40090,0.95243,0,1,0
1.39889,0.94752,0,1,0
1.39538,0.94307,0,1,0
1.39051,0.93910,0,1,0
1.38443,0.93562,0,1,0
1.37730,0.93264,0,1,0
1.36927,0.93018,0,1,0
1.36050,0.92824,0,1,0
1.35113,0.92685,0,1,0
1.34131,0.92600,0,1,0
1.33121,0.92571,0,1,0
1.32096,0.92599,0,1,0
1.31073,0.92686,0,1,0
1.30870,0.92712,0,1,0
1.30668,0.92742,0,1,0
1.30466,0.92776,0,1,0
1.30265,0.92815,0,1,0
1.30065,0.92857,0,1,0
1.29865,0.92904,0,1,0
1.29667,0.92954,0,1,0
1.29470,0.93008,0,1,0
1.29273,0.93066,0,1,0
1.29078,0.93127,0,1,0
1.28884,0.93191,0,1,0
1.28692,0.93258,0,1,0
1.28501,0.93328,0,1,0
1.28289,0.93191,0,1,0
1.28078,0.93055,0,1,0
1.27866,0.92919,0,1,0
1.27653,0.92782,0,1,0
1.27440,0.92645,0,1,0
1.27227,0.92508,0,1,0
1.27014,0.92371,0,1,0
1.26800,0.92233,0,1,0
1.26585,0.92095,0,1,0
1.26371,0.91958,0,1,0
1.26156,0.91819,0,1,0
1.25940,0.91681,0,1,0
1.25724,0.91543,0,1,0
1.25500,0.91399,0,1,0
1.25269,0.91250,0,1,0
1.25032,0.91096,0,1,0
1.24787,0.90938,0,1,0
1.24535,0.90775,0,1,0
1.24277,0.90607,0,1,0
1.24013,0.90435,0,1,0
1.23741,0.90257,0,1,0
1.23464,0.90076,0,1,0
1.23180,0.89890,0,1,0
1.22890,0.89700,0,1,0
1.22594,0.89505,0,1,0
1.22292,0.89307,0,1,0
1.22292,0.89248,0,1,0
1.22292,0.89085,0,1,0
1.22292,0.88836,0,1,0
1.22292,0.88520,0,1,0
1.22292,0.88157,0,1,0
1.22292,0.87766,0,1,0
1.22292,0.87365,0,1,0
1.22292,0.86973,0,1,0
1.22292,0.86610,0,1,0
1.22292,0.86295,0,1,0
1.22292,0.86046,0,1,0
1.22292,0.85883,0,1,0
1.22292,0.85824,0,1,0
1.22511,0.86216,0,1,0
1.22764,0.86598,0,1,0
1.23045,0.86967,0,1,0
1.23352,0.87319,0,1,0
1.23679,0.87651,0,1,0
1.24023,0.87959,0,1,0
1.24379,0.88240,0,1,0
1.24745,0.88489,0,1,0
1.25115,0.88705,0,1,0
1.25486,0.88883,0,1,0
1.25854,0.89019,0,1,0
1.26215,0.89111,0,1,0
1.26565,0.89154,0,1,0
1.26743,0.89127,0,1,0
1.26992,0.89039,0,1,0
1.27326,0.88901,0,1,0
1.27760,0.88728,0,1,0
1.28309,0.88532,0,1,0
1.28987,0.88324,0,1,0
1.29808,0.88119,0,1,0
1.30788,0.87929,0,1,0
1.31941,0.87766,0,1,0
1.33282,0.87642,0,1,0
1.34825,0.87572,0,1,0
1.36585,0.87567,0,1,0
1.38576,0.87640,0,1,0
1.39669,0.87775,0,1,0
1.40873,0.88058,0,1,0
1.42154,0.88481,0,1,0
1.43477,0.89031,0,1,0
1.44806,0.89700,0,1,0
1.46107,0.90477,0,1,0
1.47344,0.91351,0,1,0
1.48482,0.92313,0,1,0
1.49486,0.93351,0,1,0
1.50322,0.94456,0,1,0
1.50953,0.95618,0,1,0
1.51345,0.96825,0,1,0
1.51463,0.98068,0,1,0
1.51416,0.98799,0,1,0
1.51316,0.99505,0,1,0
1.51164,1.00186,0,1,0
1.50964,1.00844,0,1,0
1.50719,1.01478,0,1,0
1.50432,1.02088,0,1,0
1.50105,1.02676,0,1,0
1.49742,1.03241,0,1,0
1.49344,1.03784,0,1,0
1.48916,1.04305,0,1,0
1.48461,1.04805,0,1,0
1.47980,1.05284,0,1,0
1.47477,1.05743,0,1,0
1.22290,0.97328,0,0,0
1.22290,0.97055,0,1,0
1.22290,0.96783,0,1,0
1.22290,0.96510,0,1,0
1.22290,0.96237,0,1,0
1.22290,0.95964,0,1,0
1.22290,0.95691,0,1,0
1.22290,0.95418,0,1,0
1.22290,0.95145,0,1,0
1.22290,0.94872,0,1,0
1.22290,0.94599,0,1,0
1.22290,0.94326,0,1,0
1.22290,0.94054,0,1,0
1.22290,0.93781,0,1,0
1.22476,0.93905,0,1,0
1.22663,0.94029,0,1,0
1.22848,0.94153,0,1,0
1.23034,0.94277,0,1,0
1.23219,0.94400,0,1,0
1.23403,0.94523,0,1,0
1.23587,0.94645,0,1,0
1.23771,0.94767,0,1,0
1.23954,0.94889,0,1,0
1.24136,0.95010,0,1,0
1.24318,0.95131,0,1,0
1.24500,0.95251,0,1,0
1.24681,0.95371,0,1,0
1.24403,0.95567,0,1,0
1.24139,0.95760,0,1,0
1.23888,0.95949,0,1,0
1.23652,0.96133,0,1,0
1.23432,0.96309,0,1,0
1.23227,0.96477,0,1,0
1.23039,0.96636,0,1,0
1.22868,0.96785,0,1,0
1.22714,0.96922,0,1,0
1.22579,0.97046,0,1,0
1.22463,0.97156,0,1,0
1.22366,0.97250,0,1,0
1.22290,0.97328,0,1,0
1.44348,1.07969,0,0,0
1.44151,1.08085,0,1,0
1.43954,1.08198,0,1,0
1.43757,1.08309,0,1,0
1.43559,1.08418,0,1,0
1.43362,1.08524,0,1,0
1.43165,1.08629,0,1,0
1.42969,1.08732,0,1,0
1.42772,1.08832,0,1,0
1.42577,1.08931,0,1,0
1.42382,1.09028,0,1,0
1.42189,1.09122,0,1,0
1.41996,1.09215,0,1,0
1.41804,1.09306,0,1,0
1.40809,1.09744,0,1,0
1.39816,1.10135,0,1,0
1.38837,1.10489,0,1,0
1.37881,1.10818,0,1,0
1.36960,1.11131,0,1,0
1.36083,1.11441,0,1,0
1.35260,1.11758,0,1,0
1.34502,1.12092,0,1,0
1.33820,1.12456,0,1,0
1.33223,1.12860,0,1,0
1.32721,1.13314,0,1,0
1.32326,1.13830,0,1,0
1.32047,1.14419,0,1,0
1.31939,1.14859,0,1,0
1.31921,1.15290,0,1,0
1.31995,1.15706,0,1,0
1.32160,1.16103,0,1,0
1.32417,1.16476,0,1,0
1.32766,1.16821,0,1,0
1.33208,1.17133,0,1,0
1.33744,1.17408,0,1,0
1.34372,1.17640,0,1,0
1.35096,1.17825,0,1,0
1.35913,1.17958,0,1,0
1.36826,1.18036,0,1,0
1.37834,1.18052,0,1,0
1.38883,1.17991,0,1,0
1.39912,1.17848,0,1,0
1.40914,1.17635,0,1,0
1.41882,1.17364,0,1,0
1.42808,1.17046,0,1,0
1.43684,1.16694,0,1,0
1.44502,1.16320,0,1,0
1.45257,1.15936,0,1,0
1.45938,1.15554,0,1,0
1.46541,1.15185,0,1,0
1.47055,1.14843,0,1,0
1.47476,1.14539,0,1,0
1.47793,1.14285,0,1,0
1.47793,1.14431,0,1,0
1.47793,1.14838,0,1,0
1.47793,1.15458,0,1,0
1.47793,1.16244,0,1,0
1.47793,1.17149,0,1,0
1.47793,1.18124,0,1,0
1.47793,1.19124,0,1,0
1.47793,1.20099,0,1,0
1.47793,1.21004,0,1,0
1.47793,1.21790,0,1,0
1.47793,1.22410,0,1,0
1.47793,1.22817,0,1,0
1.47793,1.22963,0,1,0
1.47696,1.22863,0,1,0
1.47562,1.22724,0,1,0
1.47394,1.22555,0,1,0
1.47196,1.22365,0,1,0
1.46971,1.22163,0,1,0
1.46724,1.21958,0,1,0
1.46456,1.21760,0,1,0
1.46172,1.21577,0,1,0
1.45876,1.21419,0,1,0
1.45570,1.21294,0,1,0
1.45258,1.21213,0,1,0
1.44944,1.21183,0,1,0
1.44630,1.21214,0,1,0
1.44001,1.21341,0,1,0
1.43310,1.21471,0,1,0
1.42561,1.21602,0,1,0
1.41757,1.21731,0,1,0
1.40902,1.21857,0,1,0
1.39998,1.21976,0,1,0
1.39049,1.22086,0,1,0
1.38058,1.22185,0,1,0
1.37028,1.22271,0,1,0
1.35963,1.22340,0,1,0
1.34865,1.22390,0,1,0
1.33738,1.22419,0,1,0
1.32585,1.22425,0,1,0
1.31266,1.22340,0,1,0
1.29986,1.22106,0,1,0
1.28757,1.21733,0,1,0
1.27589,1.21229,0,1,0
1.26494,1.20602,0,1,0
1.25482,1.19863,0,1,0
1.24564,1.19019,0,1,0
1.23752,1.18080,0,1,0
1.23056,1.17054,0,1,0
1.22486,1.15951,0,1,0
1.22055,1.14780,0,1,0
1.21773,1.13548,0,1,0
1.21650,1.12266,0,1,0
1.21708,1.10542,0,1,0
1.21974,1.09009,0,1,0
1.22421,1.07653,0,1,0
1.23025,1.06462,0,1,0
1.23760,1.05422,0,1,0
1.24601,1.04520,0,1,0
1.25522,1.03744,0,1,0
1.26497,1.03078,0,1,0
1.27502,1.02512,0,1,0
1.28511,1.02030,0,1,0
1.29499,1.01620,0,1,0
1.30439,1.01269,0,1,0
1.31307,1.00964,0,1,0
1.31393,1.00934,0,1,0
1.31480,1.00904,0,1,0
1.31569,1.00874,0,1,0
1.31660,1.00843,0,1,0
1.31753,1.00812,0,1,0
1.31847,1.00781,0,1,0
1.31943,1.00749,0,1,0
1.32041,1.00717,0,1,0
1.32140,1.00685,0,1,0
1.32240,1.00653,0,1,0
1.32342,1.00620,0,1,0
1.32445,1.00587,0,1,0
1.32549,1.00553,0,1,0
1.33326,1.01057,0,1,0
1.34076,1.01543,0,1,0
1.34798,1.02008,0,1,0
1.35492,1.02453,0,1,0
1.36156,1.02877,0,1,0
1.36788,1.03278,0,1,0
1.37389,1.03657,0,1,0
1.37957,1.04012,0,1,0
1.38490,1.04342,0,1,0
1.38988,1.04648,0,1,0
1.39450,1.04927,0,1,0
1.39874,1.05179,0,1,0
1.40259,1.05404,0,1,0
1.40510,1.05550,0,1,0
1.40773,1.05705,0,1,0
1.41046,1.05870,0,1,0
1.41331,1.06043,0,1,0
1.41627,1.06225,0,1,0
1.41933,1.06415,0,1,0
1.42249,1.06614,0,1,0
1.42575,1.06821,0,1,0
1.42911,1.07035,0,1,0
1.43257,1.07258,0,1,0
1.43612,1.07488,0,1,0
1.43975,1.07725,0,1,0
1.44348,1.07969,0,1,0
2.30005,1.93550,0,0,0
